dataset,component,source_file,first_observation_date,last_observation_date,selected_status,selection_reason,rows_imported,rows_retained_after_date_filter,output_staging_table
CBT,day,"C:/Users/HP/Downloads/NHS Dataset/sql_join_experiment/extracted/selected_release/may_2026_evidence_series/CBT/Cloud Based Telephony By Day and Time - April 2025/Cloud Based Telephony By Day and Time - April 2025_Y60.csv","See 07_SOURCE_MONTH_OWNERSHIP.csv","See 07_SOURCE_MONTH_OWNERSHIP.csv","not selected","Official nested ZIP member fails decompression CRC/inflate validation; excluded rather than treated as valid data.",,,
CBT,day_time,"C:/Users/HP/Downloads/NHS Dataset/sql_join_experiment/extracted/selected_release/may_2026_evidence_series/CBT/Cloud Based Telephony By Day and Time - April 2025/Cloud Based Telephony By Day and Time - April 2025_Unmapped.csv","See 07_SOURCE_MONTH_OWNERSHIP.csv","See 07_SOURCE_MONTH_OWNERSHIP.csv",selected,"Official selected evidence-series member; latest valid ownership rule applied.",1229,1229,raw_selected_cbt_day_time
CBT,day_time,"C:/Users/HP/Downloads/NHS Dataset/sql_join_experiment/extracted/selected_release/may_2026_evidence_series/CBT/Cloud Based Telephony By Day and Time - April 2025/Cloud Based Telephony By Day and Time - April 2025_Y56.csv","See 07_SOURCE_MONTH_OWNERSHIP.csv","See 07_SOURCE_MONTH_OWNERSHIP.csv",selected,"Official selected evidence-series member; latest valid ownership rule applied.",623901,623901,raw_selected_cbt_day_time
CBT,day_time,"C:/Users/HP/Downloads/NHS Dataset/sql_join_experiment/extracted/selected_release/may_2026_evidence_series/CBT/Cloud Based Telephony By Day and Time - April 2025/Cloud Based Telephony By Day and Time - April 2025_Y58.csv","See 07_SOURCE_MONTH_OWNERSHIP.csv","See 07_SOURCE_MONTH_OWNERSHIP.csv",selected,"Official selected evidence-series member; latest valid ownership rule applied.",177181,177181,raw_selected_cbt_day_time
CBT,day_time,"C:/Users/HP/Downloads/NHS Dataset/sql_join_experiment/extracted/selected_release/may_2026_evidence_series/CBT/Cloud Based Telephony By Day and Time - April 2025/Cloud Based Telephony By Day and Time - April 2025_Y59.csv","See 07_SOURCE_MONTH_OWNERSHIP.csv","See 07_SOURCE_MONTH_OWNERSHIP.csv",selected,"Official selected evidence-series member; latest valid ownership rule applied.",325673,325673,raw_selected_cbt_day_time
CBT,day_time,"C:/Users/HP/Downloads/NHS Dataset/sql_join_experiment/extracted/selected_release/may_2026_evidence_series/CBT/Cloud Based Telephony By Day and Time - April 2025/Cloud Based Telephony By Day and Time - April 2025_Y61.csv","See 07_SOURCE_MONTH_OWNERSHIP.csv","See 07_SOURCE_MONTH_OWNERSHIP.csv",selected,"Official selected evidence-series member; latest valid ownership rule applied.",222746,222746,raw_selected_cbt_day_time
CBT,day_time,"C:/Users/HP/Downloads/NHS Dataset/sql_join_experiment/extracted/selected_release/may_2026_evidence_series/CBT/Cloud Based Telephony By Day and Time - April 2025/Cloud Based Telephony By Day and Time - April 2025_Y62.csv","See 07_SOURCE_MONTH_OWNERSHIP.csv","See 07_SOURCE_MONTH_OWNERSHIP.csv",selected,"Official selected evidence-series member; latest valid ownership rule applied.",372732,372732,raw_selected_cbt_day_time
CBT,day_time,"C:/Users/HP/Downloads/NHS Dataset/sql_join_experiment/extracted/selected_release/may_2026_evidence_series/CBT/Cloud Based Telephony By Day and Time - April 2025/Cloud Based Telephony By Day and Time - April 2025_Y63.csv","See 07_SOURCE_MONTH_OWNERSHIP.csv","See 07_SOURCE_MONTH_OWNERSHIP.csv",selected,"Official selected evidence-series member; latest valid ownership rule applied.",223113,223113,raw_selected_cbt_day_time
CBT,day_time,"C:/Users/HP/Downloads/NHS Dataset/sql_join_experiment/extracted/selected_release/may_2026_evidence_series/CBT/Cloud Based Telephony By Day and Time - August 2025/Cloud Based Telephony By Day and Time - August 2025_Unmapped.csv","See 07_SOURCE_MONTH_OWNERSHIP.csv","See 07_SOURCE_MONTH_OWNERSHIP.csv",selected,"Official selected evidence-series member; latest valid ownership rule applied.",1423,1423,raw_selected_cbt_day_time
CBT,day_time,"C:/Users/HP/Downloads/NHS Dataset/sql_join_experiment/extracted/selected_release/may_2026_evidence_series/CBT/Cloud Based Telephony By Day and Time - August 2025/Cloud Based Telephony By Day and Time - August 2025_Y56.csv","See 07_SOURCE_MONTH_OWNERSHIP.csv","See 07_SOURCE_MONTH_OWNERSHIP.csv",selected,"Official selected evidence-series member; latest valid ownership rule applied.",673248,673248,raw_selected_cbt_day_time
CBT,day_time,"C:/Users/HP/Downloads/NHS Dataset/sql_join_experiment/extracted/selected_release/may_2026_evidence_series/CBT/Cloud Based Telephony By Day and Time - August 2025/Cloud Based Telephony By Day and Time - August 2025_Y58.csv","See 07_SOURCE_MONTH_OWNERSHIP.csv","See 07_SOURCE_MONTH_OWNERSHIP.csv",selected,"Official selected evidence-series member; latest valid ownership rule applied.",251752,251752,raw_selected_cbt_day_time
CBT,day_time,"C:/Users/HP/Downloads/NHS Dataset/sql_join_experiment/extracted/selected_release/may_2026_evidence_series/CBT/Cloud Based Telephony By Day and Time - August 2025/Cloud Based Telephony By Day and Time - August 2025_Y59.csv","See 07_SOURCE_MONTH_OWNERSHIP.csv","See 07_SOURCE_MONTH_OWNERSHIP.csv",selected,"Official selected evidence-series member; latest valid ownership rule applied.",388447,388447,raw_selected_cbt_day_time
CBT,day_time,"C:/Users/HP/Downloads/NHS Dataset/sql_join_experiment/extracted/selected_release/may_2026_evidence_series/CBT/Cloud Based Telephony By Day and Time - August 2025/Cloud Based Telephony By Day and Time - August 2025_Y60.csv","See 07_SOURCE_MONTH_OWNERSHIP.csv","See 07_SOURCE_MONTH_OWNERSHIP.csv",selected,"Official selected evidence-series member; latest valid ownership rule applied.",597426,597426,raw_selected_cbt_day_time
CBT,day_time,"C:/Users/HP/Downloads/NHS Dataset/sql_join_experiment/extracted/selected_release/may_2026_evidence_series/CBT/Cloud Based Telephony By Day and Time - August 2025/Cloud Based Telephony By Day and Time - August 2025_Y61.csv","See 07_SOURCE_MONTH_OWNERSHIP.csv","See 07_SOURCE_MONTH_OWNERSHIP.csv",selected,"Official selected evidence-series member; latest valid ownership rule applied.",341944,341944,raw_selected_cbt_day_time
CBT,day_time,"C:/Users/HP/Downloads/NHS Dataset/sql_join_experiment/extracted/selected_release/may_2026_evidence_series/CBT/Cloud Based Telephony By Day and Time - August 2025/Cloud Based Telephony By Day and Time - August 2025_Y62.csv","See 07_SOURCE_MONTH_OWNERSHIP.csv","See 07_SOURCE_MONTH_OWNERSHIP.csv",selected,"Official selected evidence-series member; latest valid ownership rule applied.",492699,492699,raw_selected_cbt_day_time
CBT,day_time,"C:/Users/HP/Downloads/NHS Dataset/sql_join_experiment/extracted/selected_release/may_2026_evidence_series/CBT/Cloud Based Telephony By Day and Time - August 2025/Cloud Based Telephony By Day and Time - August 2025_Y63.csv","See 07_SOURCE_MONTH_OWNERSHIP.csv","See 07_SOURCE_MONTH_OWNERSHIP.csv",selected,"Official selected evidence-series member; latest valid ownership rule applied.",397223,397223,raw_selected_cbt_day_time
CBT,day_time,"C:/Users/HP/Downloads/NHS Dataset/sql_join_experiment/extracted/selected_release/may_2026_evidence_series/CBT/Cloud Based Telephony By Day and Time - December 2025/Cloud Based Telephony By Day and Time - December 2025_Unmapped.csv","See 07_SOURCE_MONTH_OWNERSHIP.csv","See 07_SOURCE_MONTH_OWNERSHIP.csv",selected,"Official selected evidence-series member; latest valid ownership rule applied.",1503,1503,raw_selected_cbt_day_time
CBT,day_time,"C:/Users/HP/Downloads/NHS Dataset/sql_join_experiment/extracted/selected_release/may_2026_evidence_series/CBT/Cloud Based Telephony By Day and Time - December 2025/Cloud Based Telephony By Day and Time - December 2025_Y56.csv","See 07_SOURCE_MONTH_OWNERSHIP.csv","See 07_SOURCE_MONTH_OWNERSHIP.csv",selected,"Official selected evidence-series member; latest valid ownership rule applied.",759576,759576,raw_selected_cbt_day_time
CBT,day_time,"C:/Users/HP/Downloads/NHS Dataset/sql_join_experiment/extracted/selected_release/may_2026_evidence_series/CBT/Cloud Based Telephony By Day and Time - December 2025/Cloud Based Telephony By Day and Time - December 2025_Y58.csv","See 07_SOURCE_MONTH_OWNERSHIP.csv","See 07_SOURCE_MONTH_OWNERSHIP.csv",selected,"Official selected evidence-series member; latest valid ownership rule applied.",327826,327826,raw_selected_cbt_day_time
CBT,day_time,"C:/Users/HP/Downloads/NHS Dataset/sql_join_experiment/extracted/selected_release/may_2026_evidence_series/CBT/Cloud Based Telephony By Day and Time - December 2025/Cloud Based Telephony By Day and Time - December 2025_Y59.csv","See 07_SOURCE_MONTH_OWNERSHIP.csv","See 07_SOURCE_MONTH_OWNERSHIP.csv",selected,"Official selected evidence-series member; latest valid ownership rule applied.",492321,492321,raw_selected_cbt_day_time
CBT,day_time,"C:/Users/HP/Downloads/NHS Dataset/sql_join_experiment/extracted/selected_release/may_2026_evidence_series/CBT/Cloud Based Telephony By Day and Time - December 2025/Cloud Based Telephony By Day and Time - December 2025_Y60.csv","See 07_SOURCE_MONTH_OWNERSHIP.csv","See 07_SOURCE_MONTH_OWNERSHIP.csv",selected,"Official selected evidence-series member; latest valid ownership rule applied.",678295,678295,raw_selected_cbt_day_time
CBT,day_time,"C:/Users/HP/Downloads/NHS Dataset/sql_join_experiment/extracted/selected_release/may_2026_evidence_series/CBT/Cloud Based Telephony By Day and Time - December 2025/Cloud Based Telephony By Day and Time - December 2025_Y61.csv","See 07_SOURCE_MONTH_OWNERSHIP.csv","See 07_SOURCE_MONTH_OWNERSHIP.csv",selected,"Official selected evidence-series member; latest valid ownership rule applied.",380281,380281,raw_selected_cbt_day_time
CBT,day_time,"C:/Users/HP/Downloads/NHS Dataset/sql_join_experiment/extracted/selected_release/may_2026_evidence_series/CBT/Cloud Based Telephony By Day and Time - December 2025/Cloud Based Telephony By Day and Time - December 2025_Y62.csv","See 07_SOURCE_MONTH_OWNERSHIP.csv","See 07_SOURCE_MONTH_OWNERSHIP.csv",selected,"Official selected evidence-series member; latest valid ownership rule applied.",573880,573880,raw_selected_cbt_day_time
CBT,day_time,"C:/Users/HP/Downloads/NHS Dataset/sql_join_experiment/extracted/selected_release/may_2026_evidence_series/CBT/Cloud Based Telephony By Day and Time - December 2025/Cloud Based Telephony By Day and Time - December 2025_Y63.csv","See 07_SOURCE_MONTH_OWNERSHIP.csv","See 07_SOURCE_MONTH_OWNERSHIP.csv",selected,"Official selected evidence-series member; latest valid ownership rule applied.",492658,492658,raw_selected_cbt_day_time
CBT,day_time,"C:/Users/HP/Downloads/NHS Dataset/sql_join_experiment/extracted/selected_release/may_2026_evidence_series/CBT/Cloud Based Telephony By Day and Time - February 2026/Cloud Based Telephony By Day and Time - February 2026_Unmapped.csv","See 07_SOURCE_MONTH_OWNERSHIP.csv","See 07_SOURCE_MONTH_OWNERSHIP.csv",selected,"Official selected evidence-series member; latest valid ownership rule applied.",1378,1378,raw_selected_cbt_day_time
CBT,day_time,"C:/Users/HP/Downloads/NHS Dataset/sql_join_experiment/extracted/selected_release/may_2026_evidence_series/CBT/Cloud Based Telephony By Day and Time - February 2026/Cloud Based Telephony By Day and Time - February 2026_Y56.csv","See 07_SOURCE_MONTH_OWNERSHIP.csv","See 07_SOURCE_MONTH_OWNERSHIP.csv",selected,"Official selected evidence-series member; latest valid ownership rule applied.",721541,721541,raw_selected_cbt_day_time
CBT,day_time,"C:/Users/HP/Downloads/NHS Dataset/sql_join_experiment/extracted/selected_release/may_2026_evidence_series/CBT/Cloud Based Telephony By Day and Time - February 2026/Cloud Based Telephony By Day and Time - February 2026_Y58.csv","See 07_SOURCE_MONTH_OWNERSHIP.csv","See 07_SOURCE_MONTH_OWNERSHIP.csv",selected,"Official selected evidence-series member; latest valid ownership rule applied.",315164,315164,raw_selected_cbt_day_time
CBT,day_time,"C:/Users/HP/Downloads/NHS Dataset/sql_join_experiment/extracted/selected_release/may_2026_evidence_series/CBT/Cloud Based Telephony By Day and Time - February 2026/Cloud Based Telephony By Day and Time - February 2026_Y59.csv","See 07_SOURCE_MONTH_OWNERSHIP.csv","See 07_SOURCE_MONTH_OWNERSHIP.csv",selected,"Official selected evidence-series member; latest valid ownership rule applied.",475403,475403,raw_selected_cbt_day_time
CBT,day_time,"C:/Users/HP/Downloads/NHS Dataset/sql_join_experiment/extracted/selected_release/may_2026_evidence_series/CBT/Cloud Based Telephony By Day and Time - February 2026/Cloud Based Telephony By Day and Time - February 2026_Y60.csv","See 07_SOURCE_MONTH_OWNERSHIP.csv","See 07_SOURCE_MONTH_OWNERSHIP.csv",selected,"Official selected evidence-series member; latest valid ownership rule applied.",653427,653427,raw_selected_cbt_day_time
CBT,day_time,"C:/Users/HP/Downloads/NHS Dataset/sql_join_experiment/extracted/selected_release/may_2026_evidence_series/CBT/Cloud Based Telephony By Day and Time - February 2026/Cloud Based Telephony By Day and Time - February 2026_Y61.csv","See 07_SOURCE_MONTH_OWNERSHIP.csv","See 07_SOURCE_MONTH_OWNERSHIP.csv",selected,"Official selected evidence-series member; latest valid ownership rule applied.",360328,360328,raw_selected_cbt_day_time
CBT,day_time,"C:/Users/HP/Downloads/NHS Dataset/sql_join_experiment/extracted/selected_release/may_2026_evidence_series/CBT/Cloud Based Telephony By Day and Time - February 2026/Cloud Based Telephony By Day and Time - February 2026_Y62.csv","See 07_SOURCE_MONTH_OWNERSHIP.csv","See 07_SOURCE_MONTH_OWNERSHIP.csv",selected,"Official selected evidence-series member; latest valid ownership rule applied.",544847,544847,raw_selected_cbt_day_time
CBT,day_time,"C:/Users/HP/Downloads/NHS Dataset/sql_join_experiment/extracted/selected_release/may_2026_evidence_series/CBT/Cloud Based Telephony By Day and Time - February 2026/Cloud Based Telephony By Day and Time - February 2026_Y63.csv","See 07_SOURCE_MONTH_OWNERSHIP.csv","See 07_SOURCE_MONTH_OWNERSHIP.csv",selected,"Official selected evidence-series member; latest valid ownership rule applied.",468139,468139,raw_selected_cbt_day_time
CBT,day_time,"C:/Users/HP/Downloads/NHS Dataset/sql_join_experiment/extracted/selected_release/may_2026_evidence_series/CBT/Cloud Based Telephony By Day and Time - January 2026/Cloud Based Telephony By Day and Time - January 2026_Unmapped.csv","See 07_SOURCE_MONTH_OWNERSHIP.csv","See 07_SOURCE_MONTH_OWNERSHIP.csv",selected,"Official selected evidence-series member; latest valid ownership rule applied.",1543,1543,raw_selected_cbt_day_time
CBT,day_time,"C:/Users/HP/Downloads/NHS Dataset/sql_join_experiment/extracted/selected_release/may_2026_evidence_series/CBT/Cloud Based Telephony By Day and Time - January 2026/Cloud Based Telephony By Day and Time - January 2026_Y56.csv","See 07_SOURCE_MONTH_OWNERSHIP.csv","See 07_SOURCE_MONTH_OWNERSHIP.csv",selected,"Official selected evidence-series member; latest valid ownership rule applied.",775722,775722,raw_selected_cbt_day_time
CBT,day_time,"C:/Users/HP/Downloads/NHS Dataset/sql_join_experiment/extracted/selected_release/may_2026_evidence_series/CBT/Cloud Based Telephony By Day and Time - January 2026/Cloud Based Telephony By Day and Time - January 2026_Y58.csv","See 07_SOURCE_MONTH_OWNERSHIP.csv","See 07_SOURCE_MONTH_OWNERSHIP.csv",selected,"Official selected evidence-series member; latest valid ownership rule applied.",342193,342193,raw_selected_cbt_day_time
CBT,day_time,"C:/Users/HP/Downloads/NHS Dataset/sql_join_experiment/extracted/selected_release/may_2026_evidence_series/CBT/Cloud Based Telephony By Day and Time - January 2026/Cloud Based Telephony By Day and Time - January 2026_Y59.csv","See 07_SOURCE_MONTH_OWNERSHIP.csv","See 07_SOURCE_MONTH_OWNERSHIP.csv",selected,"Official selected evidence-series member; latest valid ownership rule applied.",511165,511165,raw_selected_cbt_day_time
CBT,day_time,"C:/Users/HP/Downloads/NHS Dataset/sql_join_experiment/extracted/selected_release/may_2026_evidence_series/CBT/Cloud Based Telephony By Day and Time - January 2026/Cloud Based Telephony By Day and Time - January 2026_Y60.csv","See 07_SOURCE_MONTH_OWNERSHIP.csv","See 07_SOURCE_MONTH_OWNERSHIP.csv",selected,"Official selected evidence-series member; latest valid ownership rule applied.",700582,700582,raw_selected_cbt_day_time
CBT,day_time,"C:/Users/HP/Downloads/NHS Dataset/sql_join_experiment/extracted/selected_release/may_2026_evidence_series/CBT/Cloud Based Telephony By Day and Time - January 2026/Cloud Based Telephony By Day and Time - January 2026_Y61.csv","See 07_SOURCE_MONTH_OWNERSHIP.csv","See 07_SOURCE_MONTH_OWNERSHIP.csv",selected,"Official selected evidence-series member; latest valid ownership rule applied.",390529,390529,raw_selected_cbt_day_time
CBT,day_time,"C:/Users/HP/Downloads/NHS Dataset/sql_join_experiment/extracted/selected_release/may_2026_evidence_series/CBT/Cloud Based Telephony By Day and Time - January 2026/Cloud Based Telephony By Day and Time - January 2026_Y62.csv","See 07_SOURCE_MONTH_OWNERSHIP.csv","See 07_SOURCE_MONTH_OWNERSHIP.csv",selected,"Official selected evidence-series member; latest valid ownership rule applied.",588551,588551,raw_selected_cbt_day_time
CBT,day_time,"C:/Users/HP/Downloads/NHS Dataset/sql_join_experiment/extracted/selected_release/may_2026_evidence_series/CBT/Cloud Based Telephony By Day and Time - January 2026/Cloud Based Telephony By Day and Time - January 2026_Y63.csv","See 07_SOURCE_MONTH_OWNERSHIP.csv","See 07_SOURCE_MONTH_OWNERSHIP.csv",selected,"Official selected evidence-series member; latest valid ownership rule applied.",501628,501628,raw_selected_cbt_day_time
CBT,day_time,"C:/Users/HP/Downloads/NHS Dataset/sql_join_experiment/extracted/selected_release/may_2026_evidence_series/CBT/Cloud Based Telephony By Day and Time - July 2025/Cloud Based Telephony By Day and Time - July 2025_Unmapped.csv","See 07_SOURCE_MONTH_OWNERSHIP.csv","See 07_SOURCE_MONTH_OWNERSHIP.csv",selected,"Official selected evidence-series member; latest valid ownership rule applied.",1435,1435,raw_selected_cbt_day_time
CBT,day_time,"C:/Users/HP/Downloads/NHS Dataset/sql_join_experiment/extracted/selected_release/may_2026_evidence_series/CBT/Cloud Based Telephony By Day and Time - July 2025/Cloud Based Telephony By Day and Time - July 2025_Y56.csv","See 07_SOURCE_MONTH_OWNERSHIP.csv","See 07_SOURCE_MONTH_OWNERSHIP.csv",selected,"Official selected evidence-series member; latest valid ownership rule applied.",745216,745216,raw_selected_cbt_day_time
CBT,day_time,"C:/Users/HP/Downloads/NHS Dataset/sql_join_experiment/extracted/selected_release/may_2026_evidence_series/CBT/Cloud Based Telephony By Day and Time - July 2025/Cloud Based Telephony By Day and Time - July 2025_Y58.csv","See 07_SOURCE_MONTH_OWNERSHIP.csv","See 07_SOURCE_MONTH_OWNERSHIP.csv",selected,"Official selected evidence-series member; latest valid ownership rule applied.",273200,273200,raw_selected_cbt_day_time
CBT,day_time,"C:/Users/HP/Downloads/NHS Dataset/sql_join_experiment/extracted/selected_release/may_2026_evidence_series/CBT/Cloud Based Telephony By Day and Time - July 2025/Cloud Based Telephony By Day and Time - July 2025_Y59.csv","See 07_SOURCE_MONTH_OWNERSHIP.csv","See 07_SOURCE_MONTH_OWNERSHIP.csv",selected,"Official selected evidence-series member; latest valid ownership rule applied.",426754,426754,raw_selected_cbt_day_time
CBT,day_time,"C:/Users/HP/Downloads/NHS Dataset/sql_join_experiment/extracted/selected_release/may_2026_evidence_series/CBT/Cloud Based Telephony By Day and Time - July 2025/Cloud Based Telephony By Day and Time - July 2025_Y60.csv","See 07_SOURCE_MONTH_OWNERSHIP.csv","See 07_SOURCE_MONTH_OWNERSHIP.csv",selected,"Official selected evidence-series member; latest valid ownership rule applied.",651642,651642,raw_selected_cbt_day_time
CBT,day_time,"C:/Users/HP/Downloads/NHS Dataset/sql_join_experiment/extracted/selected_release/may_2026_evidence_series/CBT/Cloud Based Telephony By Day and Time - July 2025/Cloud Based Telephony By Day and Time - July 2025_Y61.csv","See 07_SOURCE_MONTH_OWNERSHIP.csv","See 07_SOURCE_MONTH_OWNERSHIP.csv",selected,"Official selected evidence-series member; latest valid ownership rule applied.",374403,374403,raw_selected_cbt_day_time
CBT,day_time,"C:/Users/HP/Downloads/NHS Dataset/sql_join_experiment/extracted/selected_release/may_2026_evidence_series/CBT/Cloud Based Telephony By Day and Time - July 2025/Cloud Based Telephony By Day and Time - July 2025_Y62.csv","See 07_SOURCE_MONTH_OWNERSHIP.csv","See 07_SOURCE_MONTH_OWNERSHIP.csv",selected,"Official selected evidence-series member; latest valid ownership rule applied.",538452,538452,raw_selected_cbt_day_time
CBT,day_time,"C:/Users/HP/Downloads/NHS Dataset/sql_join_experiment/extracted/selected_release/may_2026_evidence_series/CBT/Cloud Based Telephony By Day and Time - July 2025/Cloud Based Telephony By Day and Time - July 2025_Y63.csv","See 07_SOURCE_MONTH_OWNERSHIP.csv","See 07_SOURCE_MONTH_OWNERSHIP.csv",selected,"Official selected evidence-series member; latest valid ownership rule applied.",437300,437300,raw_selected_cbt_day_time
CBT,day_time,"C:/Users/HP/Downloads/NHS Dataset/sql_join_experiment/extracted/selected_release/may_2026_evidence_series/CBT/Cloud Based Telephony By Day and Time - June 2025/Cloud Based Telephony By Day and Time - June 2025_Unmapped.csv","See 07_SOURCE_MONTH_OWNERSHIP.csv","See 07_SOURCE_MONTH_OWNERSHIP.csv",selected,"Official selected evidence-series member; latest valid ownership rule applied.",1237,1237,raw_selected_cbt_day_time
CBT,day_time,"C:/Users/HP/Downloads/NHS Dataset/sql_join_experiment/extracted/selected_release/may_2026_evidence_series/CBT/Cloud Based Telephony By Day and Time - June 2025/Cloud Based Telephony By Day and Time - June 2025_Y56.csv","See 07_SOURCE_MONTH_OWNERSHIP.csv","See 07_SOURCE_MONTH_OWNERSHIP.csv",selected,"Official selected evidence-series member; latest valid ownership rule applied.",640649,640649,raw_selected_cbt_day_time
CBT,day_time,"C:/Users/HP/Downloads/NHS Dataset/sql_join_experiment/extracted/selected_release/may_2026_evidence_series/CBT/Cloud Based Telephony By Day and Time - June 2025/Cloud Based Telephony By Day and Time - June 2025_Y58.csv","See 07_SOURCE_MONTH_OWNERSHIP.csv","See 07_SOURCE_MONTH_OWNERSHIP.csv",selected,"Official selected evidence-series member; latest valid ownership rule applied.",190121,190121,raw_selected_cbt_day_time
CBT,day_time,"C:/Users/HP/Downloads/NHS Dataset/sql_join_experiment/extracted/selected_release/may_2026_evidence_series/CBT/Cloud Based Telephony By Day and Time - June 2025/Cloud Based Telephony By Day and Time - June 2025_Y59.csv","See 07_SOURCE_MONTH_OWNERSHIP.csv","See 07_SOURCE_MONTH_OWNERSHIP.csv",selected,"Official selected evidence-series member; latest valid ownership rule applied.",337527,337527,raw_selected_cbt_day_time
CBT,day_time,"C:/Users/HP/Downloads/NHS Dataset/sql_join_experiment/extracted/selected_release/may_2026_evidence_series/CBT/Cloud Based Telephony By Day and Time - June 2025/Cloud Based Telephony By Day and Time - June 2025_Y60.csv","See 07_SOURCE_MONTH_OWNERSHIP.csv","See 07_SOURCE_MONTH_OWNERSHIP.csv",selected,"Official selected evidence-series member; latest valid ownership rule applied.",475331,475331,raw_selected_cbt_day_time
CBT,day_time,"C:/Users/HP/Downloads/NHS Dataset/sql_join_experiment/extracted/selected_release/may_2026_evidence_series/CBT/Cloud Based Telephony By Day and Time - June 2025/Cloud Based Telephony By Day and Time - June 2025_Y61.csv","See 07_SOURCE_MONTH_OWNERSHIP.csv","See 07_SOURCE_MONTH_OWNERSHIP.csv",selected,"Official selected evidence-series member; latest valid ownership rule applied.",237246,237246,raw_selected_cbt_day_time
CBT,day_time,"C:/Users/HP/Downloads/NHS Dataset/sql_join_experiment/extracted/selected_release/may_2026_evidence_series/CBT/Cloud Based Telephony By Day and Time - June 2025/Cloud Based Telephony By Day and Time - June 2025_Y62.csv","See 07_SOURCE_MONTH_OWNERSHIP.csv","See 07_SOURCE_MONTH_OWNERSHIP.csv",selected,"Official selected evidence-series member; latest valid ownership rule applied.",467865,467865,raw_selected_cbt_day_time
CBT,day_time,"C:/Users/HP/Downloads/NHS Dataset/sql_join_experiment/extracted/selected_release/may_2026_evidence_series/CBT/Cloud Based Telephony By Day and Time - June 2025/Cloud Based Telephony By Day and Time - June 2025_Y63.csv","See 07_SOURCE_MONTH_OWNERSHIP.csv","See 07_SOURCE_MONTH_OWNERSHIP.csv",selected,"Official selected evidence-series member; latest valid ownership rule applied.",239563,239563,raw_selected_cbt_day_time
CBT,day_time,"C:/Users/HP/Downloads/NHS Dataset/sql_join_experiment/extracted/selected_release/may_2026_evidence_series/CBT/Cloud Based Telephony By Day and Time - March 2026_0526/Cloud Based Telephony By Day and Time - March 2026_Unmapped.csv","See 07_SOURCE_MONTH_OWNERSHIP.csv","See 07_SOURCE_MONTH_OWNERSHIP.csv",selected,"Official selected evidence-series member; latest valid ownership rule applied.",1535,1535,raw_selected_cbt_day_time
CBT,day_time,"C:/Users/HP/Downloads/NHS Dataset/sql_join_experiment/extracted/selected_release/may_2026_evidence_series/CBT/Cloud Based Telephony By Day and Time - March 2026_0526/Cloud Based Telephony By Day and Time - March 2026_Y56.csv","See 07_SOURCE_MONTH_OWNERSHIP.csv","See 07_SOURCE_MONTH_OWNERSHIP.csv",selected,"Official selected evidence-series member; latest valid ownership rule applied.",791334,791334,raw_selected_cbt_day_time
CBT,day_time,"C:/Users/HP/Downloads/NHS Dataset/sql_join_experiment/extracted/selected_release/may_2026_evidence_series/CBT/Cloud Based Telephony By Day and Time - March 2026_0526/Cloud Based Telephony By Day and Time - March 2026_Y58.csv","See 07_SOURCE_MONTH_OWNERSHIP.csv","See 07_SOURCE_MONTH_OWNERSHIP.csv",selected,"Official selected evidence-series member; latest valid ownership rule applied.",349950,349950,raw_selected_cbt_day_time
CBT,day_time,"C:/Users/HP/Downloads/NHS Dataset/sql_join_experiment/extracted/selected_release/may_2026_evidence_series/CBT/Cloud Based Telephony By Day and Time - March 2026_0526/Cloud Based Telephony By Day and Time - March 2026_Y59.csv","See 07_SOURCE_MONTH_OWNERSHIP.csv","See 07_SOURCE_MONTH_OWNERSHIP.csv",selected,"Official selected evidence-series member; latest valid ownership rule applied.",528381,528381,raw_selected_cbt_day_time
CBT,day_time,"C:/Users/HP/Downloads/NHS Dataset/sql_join_experiment/extracted/selected_release/may_2026_evidence_series/CBT/Cloud Based Telephony By Day and Time - March 2026_0526/Cloud Based Telephony By Day and Time - March 2026_Y60.csv","See 07_SOURCE_MONTH_OWNERSHIP.csv","See 07_SOURCE_MONTH_OWNERSHIP.csv",selected,"Official selected evidence-series member; latest valid ownership rule applied.",789466,789466,raw_selected_cbt_day_time
CBT,day_time,"C:/Users/HP/Downloads/NHS Dataset/sql_join_experiment/extracted/selected_release/may_2026_evidence_series/CBT/Cloud Based Telephony By Day and Time - March 2026_0526/Cloud Based Telephony By Day and Time - March 2026_Y61.csv","See 07_SOURCE_MONTH_OWNERSHIP.csv","See 07_SOURCE_MONTH_OWNERSHIP.csv",selected,"Official selected evidence-series member; latest valid ownership rule applied.",398994,398994,raw_selected_cbt_day_time
CBT,day_time,"C:/Users/HP/Downloads/NHS Dataset/sql_join_experiment/extracted/selected_release/may_2026_evidence_series/CBT/Cloud Based Telephony By Day and Time - March 2026_0526/Cloud Based Telephony By Day and Time - March 2026_Y62.csv","See 07_SOURCE_MONTH_OWNERSHIP.csv","See 07_SOURCE_MONTH_OWNERSHIP.csv",selected,"Official selected evidence-series member; latest valid ownership rule applied.",597822,597822,raw_selected_cbt_day_time
CBT,day_time,"C:/Users/HP/Downloads/NHS Dataset/sql_join_experiment/extracted/selected_release/may_2026_evidence_series/CBT/Cloud Based Telephony By Day and Time - March 2026_0526/Cloud Based Telephony By Day and Time - March 2026_Y63.csv","See 07_SOURCE_MONTH_OWNERSHIP.csv","See 07_SOURCE_MONTH_OWNERSHIP.csv",selected,"Official selected evidence-series member; latest valid ownership rule applied.",551016,551016,raw_selected_cbt_day_time
CBT,day_time,"C:/Users/HP/Downloads/NHS Dataset/sql_join_experiment/extracted/selected_release/may_2026_evidence_series/CBT/Cloud Based Telephony By Day and Time - May 2025/Cloud Based Telephony By Day and Time - May 2025_Unmapped.csv","See 07_SOURCE_MONTH_OWNERSHIP.csv","See 07_SOURCE_MONTH_OWNERSHIP.csv",selected,"Official selected evidence-series member; latest valid ownership rule applied.",1243,1243,raw_selected_cbt_day_time
CBT,day_time,"C:/Users/HP/Downloads/NHS Dataset/sql_join_experiment/extracted/selected_release/may_2026_evidence_series/CBT/Cloud Based Telephony By Day and Time - May 2025/Cloud Based Telephony By Day and Time - May 2025_Y56.csv","See 07_SOURCE_MONTH_OWNERSHIP.csv","See 07_SOURCE_MONTH_OWNERSHIP.csv",selected,"Official selected evidence-series member; latest valid ownership rule applied.",631300,631300,raw_selected_cbt_day_time
CBT,day_time,"C:/Users/HP/Downloads/NHS Dataset/sql_join_experiment/extracted/selected_release/may_2026_evidence_series/CBT/Cloud Based Telephony By Day and Time - May 2025/Cloud Based Telephony By Day and Time - May 2025_Y58.csv","See 07_SOURCE_MONTH_OWNERSHIP.csv","See 07_SOURCE_MONTH_OWNERSHIP.csv",selected,"Official selected evidence-series member; latest valid ownership rule applied.",178546,178546,raw_selected_cbt_day_time
CBT,day_time,"C:/Users/HP/Downloads/NHS Dataset/sql_join_experiment/extracted/selected_release/may_2026_evidence_series/CBT/Cloud Based Telephony By Day and Time - May 2025/Cloud Based Telephony By Day and Time - May 2025_Y59.csv","See 07_SOURCE_MONTH_OWNERSHIP.csv","See 07_SOURCE_MONTH_OWNERSHIP.csv",selected,"Official selected evidence-series member; latest valid ownership rule applied.",330134,330134,raw_selected_cbt_day_time
CBT,day_time,"C:/Users/HP/Downloads/NHS Dataset/sql_join_experiment/extracted/selected_release/may_2026_evidence_series/CBT/Cloud Based Telephony By Day and Time - May 2025/Cloud Based Telephony By Day and Time - May 2025_Y60.csv","See 07_SOURCE_MONTH_OWNERSHIP.csv","See 07_SOURCE_MONTH_OWNERSHIP.csv",selected,"Official selected evidence-series member; latest valid ownership rule applied.",450817,450817,raw_selected_cbt_day_time
CBT,day_time,"C:/Users/HP/Downloads/NHS Dataset/sql_join_experiment/extracted/selected_release/may_2026_evidence_series/CBT/Cloud Based Telephony By Day and Time - May 2025/Cloud Based Telephony By Day and Time - May 2025_Y61.csv","See 07_SOURCE_MONTH_OWNERSHIP.csv","See 07_SOURCE_MONTH_OWNERSHIP.csv",selected,"Official selected evidence-series member; latest valid ownership rule applied.",225267,225267,raw_selected_cbt_day_time
CBT,day_time,"C:/Users/HP/Downloads/NHS Dataset/sql_join_experiment/extracted/selected_release/may_2026_evidence_series/CBT/Cloud Based Telephony By Day and Time - May 2025/Cloud Based Telephony By Day and Time - May 2025_Y62.csv","See 07_SOURCE_MONTH_OWNERSHIP.csv","See 07_SOURCE_MONTH_OWNERSHIP.csv",selected,"Official selected evidence-series member; latest valid ownership rule applied.",378922,378922,raw_selected_cbt_day_time
CBT,day_time,"C:/Users/HP/Downloads/NHS Dataset/sql_join_experiment/extracted/selected_release/may_2026_evidence_series/CBT/Cloud Based Telephony By Day and Time - May 2025/Cloud Based Telephony By Day and Time - May 2025_Y63.csv","See 07_SOURCE_MONTH_OWNERSHIP.csv","See 07_SOURCE_MONTH_OWNERSHIP.csv",selected,"Official selected evidence-series member; latest valid ownership rule applied.",223838,223838,raw_selected_cbt_day_time
CBT,day_time,"C:/Users/HP/Downloads/NHS Dataset/sql_join_experiment/extracted/selected_release/may_2026_evidence_series/CBT/Cloud Based Telephony By Day and Time - November 2025/Cloud Based Telephony By Day and Time - November 2025_Unmapped.csv","See 07_SOURCE_MONTH_OWNERSHIP.csv","See 07_SOURCE_MONTH_OWNERSHIP.csv",selected,"Official selected evidence-series member; latest valid ownership rule applied.",1379,1379,raw_selected_cbt_day_time
CBT,day_time,"C:/Users/HP/Downloads/NHS Dataset/sql_join_experiment/extracted/selected_release/may_2026_evidence_series/CBT/Cloud Based Telephony By Day and Time - November 2025/Cloud Based Telephony By Day and Time - November 2025_Y56.csv","See 07_SOURCE_MONTH_OWNERSHIP.csv","See 07_SOURCE_MONTH_OWNERSHIP.csv",selected,"Official selected evidence-series member; latest valid ownership rule applied.",731468,731468,raw_selected_cbt_day_time
CBT,day_time,"C:/Users/HP/Downloads/NHS Dataset/sql_join_experiment/extracted/selected_release/may_2026_evidence_series/CBT/Cloud Based Telephony By Day and Time - November 2025/Cloud Based Telephony By Day and Time - November 2025_Y58.csv","See 07_SOURCE_MONTH_OWNERSHIP.csv","See 07_SOURCE_MONTH_OWNERSHIP.csv",selected,"Official selected evidence-series member; latest valid ownership rule applied.",313708,313708,raw_selected_cbt_day_time
CBT,day_time,"C:/Users/HP/Downloads/NHS Dataset/sql_join_experiment/extracted/selected_release/may_2026_evidence_series/CBT/Cloud Based Telephony By Day and Time - November 2025/Cloud Based Telephony By Day and Time - November 2025_Y59.csv","See 07_SOURCE_MONTH_OWNERSHIP.csv","See 07_SOURCE_MONTH_OWNERSHIP.csv",selected,"Official selected evidence-series member; latest valid ownership rule applied.",467157,467157,raw_selected_cbt_day_time
CBT,day_time,"C:/Users/HP/Downloads/NHS Dataset/sql_join_experiment/extracted/selected_release/may_2026_evidence_series/CBT/Cloud Based Telephony By Day and Time - November 2025/Cloud Based Telephony By Day and Time - November 2025_Y60.csv","See 07_SOURCE_MONTH_OWNERSHIP.csv","See 07_SOURCE_MONTH_OWNERSHIP.csv",selected,"Official selected evidence-series member; latest valid ownership rule applied.",644860,644860,raw_selected_cbt_day_time
CBT,day_time,"C:/Users/HP/Downloads/NHS Dataset/sql_join_experiment/extracted/selected_release/may_2026_evidence_series/CBT/Cloud Based Telephony By Day and Time - November 2025/Cloud Based Telephony By Day and Time - November 2025_Y61.csv","See 07_SOURCE_MONTH_OWNERSHIP.csv","See 07_SOURCE_MONTH_OWNERSHIP.csv",selected,"Official selected evidence-series member; latest valid ownership rule applied.",364923,364923,raw_selected_cbt_day_time
CBT,day_time,"C:/Users/HP/Downloads/NHS Dataset/sql_join_experiment/extracted/selected_release/may_2026_evidence_series/CBT/Cloud Based Telephony By Day and Time - November 2025/Cloud Based Telephony By Day and Time - November 2025_Y62.csv","See 07_SOURCE_MONTH_OWNERSHIP.csv","See 07_SOURCE_MONTH_OWNERSHIP.csv",selected,"Official selected evidence-series member; latest valid ownership rule applied.",550393,550393,raw_selected_cbt_day_time
CBT,day_time,"C:/Users/HP/Downloads/NHS Dataset/sql_join_experiment/extracted/selected_release/may_2026_evidence_series/CBT/Cloud Based Telephony By Day and Time - November 2025/Cloud Based Telephony By Day and Time - November 2025_Y63.csv","See 07_SOURCE_MONTH_OWNERSHIP.csv","See 07_SOURCE_MONTH_OWNERSHIP.csv",selected,"Official selected evidence-series member; latest valid ownership rule applied.",462949,462949,raw_selected_cbt_day_time
CBT,day_time,"C:/Users/HP/Downloads/NHS Dataset/sql_join_experiment/extracted/selected_release/may_2026_evidence_series/CBT/Cloud Based Telephony By Day and Time - October 2025/Cloud Based Telephony By Day and Time - October 2025_Unmapped.csv","See 07_SOURCE_MONTH_OWNERSHIP.csv","See 07_SOURCE_MONTH_OWNERSHIP.csv",selected,"Official selected evidence-series member; latest valid ownership rule applied.",1484,1484,raw_selected_cbt_day_time
CBT,day_time,"C:/Users/HP/Downloads/NHS Dataset/sql_join_experiment/extracted/selected_release/may_2026_evidence_series/CBT/Cloud Based Telephony By Day and Time - October 2025/Cloud Based Telephony By Day and Time - October 2025_Y56.csv","See 07_SOURCE_MONTH_OWNERSHIP.csv","See 07_SOURCE_MONTH_OWNERSHIP.csv",selected,"Official selected evidence-series member; latest valid ownership rule applied.",780718,780718,raw_selected_cbt_day_time
CBT,day_time,"C:/Users/HP/Downloads/NHS Dataset/sql_join_experiment/extracted/selected_release/may_2026_evidence_series/CBT/Cloud Based Telephony By Day and Time - October 2025/Cloud Based Telephony By Day and Time - October 2025_Y58.csv","See 07_SOURCE_MONTH_OWNERSHIP.csv","See 07_SOURCE_MONTH_OWNERSHIP.csv",selected,"Official selected evidence-series member; latest valid ownership rule applied.",314517,314517,raw_selected_cbt_day_time
CBT,day_time,"C:/Users/HP/Downloads/NHS Dataset/sql_join_experiment/extracted/selected_release/may_2026_evidence_series/CBT/Cloud Based Telephony By Day and Time - October 2025/Cloud Based Telephony By Day and Time - October 2025_Y59.csv","See 07_SOURCE_MONTH_OWNERSHIP.csv","See 07_SOURCE_MONTH_OWNERSHIP.csv",selected,"Official selected evidence-series member; latest valid ownership rule applied.",448834,448834,raw_selected_cbt_day_time
CBT,day_time,"C:/Users/HP/Downloads/NHS Dataset/sql_join_experiment/extracted/selected_release/may_2026_evidence_series/CBT/Cloud Based Telephony By Day and Time - October 2025/Cloud Based Telephony By Day and Time - October 2025_Y60.csv","See 07_SOURCE_MONTH_OWNERSHIP.csv","See 07_SOURCE_MONTH_OWNERSHIP.csv",selected,"Official selected evidence-series member; latest valid ownership rule applied.",681482,681482,raw_selected_cbt_day_time
CBT,day_time,"C:/Users/HP/Downloads/NHS Dataset/sql_join_experiment/extracted/selected_release/may_2026_evidence_series/CBT/Cloud Based Telephony By Day and Time - October 2025/Cloud Based Telephony By Day and Time - October 2025_Y61.csv","See 07_SOURCE_MONTH_OWNERSHIP.csv","See 07_SOURCE_MONTH_OWNERSHIP.csv",selected,"Official selected evidence-series member; latest valid ownership rule applied.",388207,388207,raw_selected_cbt_day_time
CBT,day_time,"C:/Users/HP/Downloads/NHS Dataset/sql_join_experiment/extracted/selected_release/may_2026_evidence_series/CBT/Cloud Based Telephony By Day and Time - October 2025/Cloud Based Telephony By Day and Time - October 2025_Y62.csv","See 07_SOURCE_MONTH_OWNERSHIP.csv","See 07_SOURCE_MONTH_OWNERSHIP.csv",selected,"Official selected evidence-series member; latest valid ownership rule applied.",606725,606725,raw_selected_cbt_day_time
CBT,day_time,"C:/Users/HP/Downloads/NHS Dataset/sql_join_experiment/extracted/selected_release/may_2026_evidence_series/CBT/Cloud Based Telephony By Day and Time - October 2025/Cloud Based Telephony By Day and Time - October 2025_Y63.csv","See 07_SOURCE_MONTH_OWNERSHIP.csv","See 07_SOURCE_MONTH_OWNERSHIP.csv",selected,"Official selected evidence-series member; latest valid ownership rule applied.",492736,492736,raw_selected_cbt_day_time
CBT,day_time,"C:/Users/HP/Downloads/NHS Dataset/sql_join_experiment/extracted/selected_release/may_2026_evidence_series/CBT/Cloud Based Telephony By Day and Time - September 2025/Cloud Based Telephony By Day and Time - September 2025_Unmapped.csv","See 07_SOURCE_MONTH_OWNERSHIP.csv","See 07_SOURCE_MONTH_OWNERSHIP.csv",selected,"Official selected evidence-series member; latest valid ownership rule applied.",1413,1413,raw_selected_cbt_day_time
CBT,day_time,"C:/Users/HP/Downloads/NHS Dataset/sql_join_experiment/extracted/selected_release/may_2026_evidence_series/CBT/Cloud Based Telephony By Day and Time - September 2025/Cloud Based Telephony By Day and Time - September 2025_Y56.csv","See 07_SOURCE_MONTH_OWNERSHIP.csv","See 07_SOURCE_MONTH_OWNERSHIP.csv",selected,"Official selected evidence-series member; latest valid ownership rule applied.",722372,722372,raw_selected_cbt_day_time
CBT,day_time,"C:/Users/HP/Downloads/NHS Dataset/sql_join_experiment/extracted/selected_release/may_2026_evidence_series/CBT/Cloud Based Telephony By Day and Time - September 2025/Cloud Based Telephony By Day and Time - September 2025_Y58.csv","See 07_SOURCE_MONTH_OWNERSHIP.csv","See 07_SOURCE_MONTH_OWNERSHIP.csv",selected,"Official selected evidence-series member; latest valid ownership rule applied.",282072,282072,raw_selected_cbt_day_time
CBT,day_time,"C:/Users/HP/Downloads/NHS Dataset/sql_join_experiment/extracted/selected_release/may_2026_evidence_series/CBT/Cloud Based Telephony By Day and Time - September 2025/Cloud Based Telephony By Day and Time - September 2025_Y59.csv","See 07_SOURCE_MONTH_OWNERSHIP.csv","See 07_SOURCE_MONTH_OWNERSHIP.csv",selected,"Official selected evidence-series member; latest valid ownership rule applied.",420755,420755,raw_selected_cbt_day_time
CBT,day_time,"C:/Users/HP/Downloads/NHS Dataset/sql_join_experiment/extracted/selected_release/may_2026_evidence_series/CBT/Cloud Based Telephony By Day and Time - September 2025/Cloud Based Telephony By Day and Time - September 2025_Y60.csv","See 07_SOURCE_MONTH_OWNERSHIP.csv","See 07_SOURCE_MONTH_OWNERSHIP.csv",selected,"Official selected evidence-series member; latest valid ownership rule applied.",645271,645271,raw_selected_cbt_day_time
CBT,day_time,"C:/Users/HP/Downloads/NHS Dataset/sql_join_experiment/extracted/selected_release/may_2026_evidence_series/CBT/Cloud Based Telephony By Day and Time - September 2025/Cloud Based Telephony By Day and Time - September 2025_Y61.csv","See 07_SOURCE_MONTH_OWNERSHIP.csv","See 07_SOURCE_MONTH_OWNERSHIP.csv",selected,"Official selected evidence-series member; latest valid ownership rule applied.",353215,353215,raw_selected_cbt_day_time
CBT,day_time,"C:/Users/HP/Downloads/NHS Dataset/sql_join_experiment/extracted/selected_release/may_2026_evidence_series/CBT/Cloud Based Telephony By Day and Time - September 2025/Cloud Based Telephony By Day and Time - September 2025_Y62.csv","See 07_SOURCE_MONTH_OWNERSHIP.csv","See 07_SOURCE_MONTH_OWNERSHIP.csv",selected,"Official selected evidence-series member; latest valid ownership rule applied.",529847,529847,raw_selected_cbt_day_time
CBT,day_time,"C:/Users/HP/Downloads/NHS Dataset/sql_join_experiment/extracted/selected_release/may_2026_evidence_series/CBT/Cloud Based Telephony By Day and Time - September 2025/Cloud Based Telephony By Day and Time - September 2025_Y63.csv","See 07_SOURCE_MONTH_OWNERSHIP.csv","See 07_SOURCE_MONTH_OWNERSHIP.csv",selected,"Official selected evidence-series member; latest valid ownership rule applied.",427740,427740,raw_selected_cbt_day_time
CBT,duration,"C:/Users/HP/Downloads/NHS Dataset/sql_join_experiment/extracted/selected_release/may_2026_evidence_series/CBT/Cloud Based Telephony By Durations - April 2025/Cloud Based Telephony By Durations - April 2025_Unmapped.csv","See 07_SOURCE_MONTH_OWNERSHIP.csv","See 07_SOURCE_MONTH_OWNERSHIP.csv",selected,"Official selected evidence-series member; latest valid ownership rule applied.",702,702,raw_selected_cbt_duration
CBT,duration,"C:/Users/HP/Downloads/NHS Dataset/sql_join_experiment/extracted/selected_release/may_2026_evidence_series/CBT/Cloud Based Telephony By Durations - April 2025/Cloud Based Telephony By Durations - April 2025_Y56.csv","See 07_SOURCE_MONTH_OWNERSHIP.csv","See 07_SOURCE_MONTH_OWNERSHIP.csv",selected,"Official selected evidence-series member; latest valid ownership rule applied.",431797,431797,raw_selected_cbt_duration
CBT,duration,"C:/Users/HP/Downloads/NHS Dataset/sql_join_experiment/extracted/selected_release/may_2026_evidence_series/CBT/Cloud Based Telephony By Durations - April 2025/Cloud Based Telephony By Durations - April 2025_Y58.csv","See 07_SOURCE_MONTH_OWNERSHIP.csv","See 07_SOURCE_MONTH_OWNERSHIP.csv",selected,"Official selected evidence-series member; latest valid ownership rule applied.",126140,126140,raw_selected_cbt_duration
CBT,duration,"C:/Users/HP/Downloads/NHS Dataset/sql_join_experiment/extracted/selected_release/may_2026_evidence_series/CBT/Cloud Based Telephony By Durations - April 2025/Cloud Based Telephony By Durations - April 2025_Y59.csv","See 07_SOURCE_MONTH_OWNERSHIP.csv","See 07_SOURCE_MONTH_OWNERSHIP.csv",selected,"Official selected evidence-series member; latest valid ownership rule applied.",231684,231684,raw_selected_cbt_duration
CBT,duration,"C:/Users/HP/Downloads/NHS Dataset/sql_join_experiment/extracted/selected_release/may_2026_evidence_series/CBT/Cloud Based Telephony By Durations - April 2025/Cloud Based Telephony By Durations - April 2025_Y60.csv","See 07_SOURCE_MONTH_OWNERSHIP.csv","See 07_SOURCE_MONTH_OWNERSHIP.csv",selected,"Official selected evidence-series member; latest valid ownership rule applied.",317801,317801,raw_selected_cbt_duration
CBT,duration,"C:/Users/HP/Downloads/NHS Dataset/sql_join_experiment/extracted/selected_release/may_2026_evidence_series/CBT/Cloud Based Telephony By Durations - April 2025/Cloud Based Telephony By Durations - April 2025_Y61.csv","See 07_SOURCE_MONTH_OWNERSHIP.csv","See 07_SOURCE_MONTH_OWNERSHIP.csv",selected,"Official selected evidence-series member; latest valid ownership rule applied.",156941,156941,raw_selected_cbt_duration
CBT,duration,"C:/Users/HP/Downloads/NHS Dataset/sql_join_experiment/extracted/selected_release/may_2026_evidence_series/CBT/Cloud Based Telephony By Durations - April 2025/Cloud Based Telephony By Durations - April 2025_Y62.csv","See 07_SOURCE_MONTH_OWNERSHIP.csv","See 07_SOURCE_MONTH_OWNERSHIP.csv",selected,"Official selected evidence-series member; latest valid ownership rule applied.",265193,265193,raw_selected_cbt_duration
CBT,duration,"C:/Users/HP/Downloads/NHS Dataset/sql_join_experiment/extracted/selected_release/may_2026_evidence_series/CBT/Cloud Based Telephony By Durations - April 2025/Cloud Based Telephony By Durations - April 2025_Y63.csv","See 07_SOURCE_MONTH_OWNERSHIP.csv","See 07_SOURCE_MONTH_OWNERSHIP.csv",selected,"Official selected evidence-series member; latest valid ownership rule applied.",163130,163130,raw_selected_cbt_duration
CBT,duration,"C:/Users/HP/Downloads/NHS Dataset/sql_join_experiment/extracted/selected_release/may_2026_evidence_series/CBT/Cloud Based Telephony By Durations - August 2025/Cloud Based Telephony By Durations - August 2025_Unmapped.csv","See 07_SOURCE_MONTH_OWNERSHIP.csv","See 07_SOURCE_MONTH_OWNERSHIP.csv",selected,"Official selected evidence-series member; latest valid ownership rule applied.",851,851,raw_selected_cbt_duration
CBT,duration,"C:/Users/HP/Downloads/NHS Dataset/sql_join_experiment/extracted/selected_release/may_2026_evidence_series/CBT/Cloud Based Telephony By Durations - August 2025/Cloud Based Telephony By Durations - August 2025_Y56.csv","See 07_SOURCE_MONTH_OWNERSHIP.csv","See 07_SOURCE_MONTH_OWNERSHIP.csv",selected,"Official selected evidence-series member; latest valid ownership rule applied.",469561,469561,raw_selected_cbt_duration
CBT,duration,"C:/Users/HP/Downloads/NHS Dataset/sql_join_experiment/extracted/selected_release/may_2026_evidence_series/CBT/Cloud Based Telephony By Durations - August 2025/Cloud Based Telephony By Durations - August 2025_Y58.csv","See 07_SOURCE_MONTH_OWNERSHIP.csv","See 07_SOURCE_MONTH_OWNERSHIP.csv",selected,"Official selected evidence-series member; latest valid ownership rule applied.",183517,183517,raw_selected_cbt_duration
CBT,duration,"C:/Users/HP/Downloads/NHS Dataset/sql_join_experiment/extracted/selected_release/may_2026_evidence_series/CBT/Cloud Based Telephony By Durations - August 2025/Cloud Based Telephony By Durations - August 2025_Y59.csv","See 07_SOURCE_MONTH_OWNERSHIP.csv","See 07_SOURCE_MONTH_OWNERSHIP.csv",selected,"Official selected evidence-series member; latest valid ownership rule applied.",279880,279880,raw_selected_cbt_duration
CBT,duration,"C:/Users/HP/Downloads/NHS Dataset/sql_join_experiment/extracted/selected_release/may_2026_evidence_series/CBT/Cloud Based Telephony By Durations - August 2025/Cloud Based Telephony By Durations - August 2025_Y60.csv","See 07_SOURCE_MONTH_OWNERSHIP.csv","See 07_SOURCE_MONTH_OWNERSHIP.csv",selected,"Official selected evidence-series member; latest valid ownership rule applied.",428050,428050,raw_selected_cbt_duration
CBT,duration,"C:/Users/HP/Downloads/NHS Dataset/sql_join_experiment/extracted/selected_release/may_2026_evidence_series/CBT/Cloud Based Telephony By Durations - August 2025/Cloud Based Telephony By Durations - August 2025_Y61.csv","See 07_SOURCE_MONTH_OWNERSHIP.csv","See 07_SOURCE_MONTH_OWNERSHIP.csv",selected,"Official selected evidence-series member; latest valid ownership rule applied.",247027,247027,raw_selected_cbt_duration
CBT,duration,"C:/Users/HP/Downloads/NHS Dataset/sql_join_experiment/extracted/selected_release/may_2026_evidence_series/CBT/Cloud Based Telephony By Durations - August 2025/Cloud Based Telephony By Durations - August 2025_Y62.csv","See 07_SOURCE_MONTH_OWNERSHIP.csv","See 07_SOURCE_MONTH_OWNERSHIP.csv",selected,"Official selected evidence-series member; latest valid ownership rule applied.",351226,351226,raw_selected_cbt_duration
CBT,duration,"C:/Users/HP/Downloads/NHS Dataset/sql_join_experiment/extracted/selected_release/may_2026_evidence_series/CBT/Cloud Based Telephony By Durations - August 2025/Cloud Based Telephony By Durations - August 2025_Y63.csv","See 07_SOURCE_MONTH_OWNERSHIP.csv","See 07_SOURCE_MONTH_OWNERSHIP.csv",selected,"Official selected evidence-series member; latest valid ownership rule applied.",293386,293386,raw_selected_cbt_duration
CBT,duration,"C:/Users/HP/Downloads/NHS Dataset/sql_join_experiment/extracted/selected_release/may_2026_evidence_series/CBT/Cloud Based Telephony By Durations - December 2025/Cloud Based Telephony By Durations - December 2025_Unmapped.csv","See 07_SOURCE_MONTH_OWNERSHIP.csv","See 07_SOURCE_MONTH_OWNERSHIP.csv",selected,"Official selected evidence-series member; latest valid ownership rule applied.",895,895,raw_selected_cbt_duration
CBT,duration,"C:/Users/HP/Downloads/NHS Dataset/sql_join_experiment/extracted/selected_release/may_2026_evidence_series/CBT/Cloud Based Telephony By Durations - December 2025/Cloud Based Telephony By Durations - December 2025_Y56.csv","See 07_SOURCE_MONTH_OWNERSHIP.csv","See 07_SOURCE_MONTH_OWNERSHIP.csv",selected,"Official selected evidence-series member; latest valid ownership rule applied.",538723,538723,raw_selected_cbt_duration
CBT,duration,"C:/Users/HP/Downloads/NHS Dataset/sql_join_experiment/extracted/selected_release/may_2026_evidence_series/CBT/Cloud Based Telephony By Durations - December 2025/Cloud Based Telephony By Durations - December 2025_Y58.csv","See 07_SOURCE_MONTH_OWNERSHIP.csv","See 07_SOURCE_MONTH_OWNERSHIP.csv",selected,"Official selected evidence-series member; latest valid ownership rule applied.",242298,242298,raw_selected_cbt_duration
CBT,duration,"C:/Users/HP/Downloads/NHS Dataset/sql_join_experiment/extracted/selected_release/may_2026_evidence_series/CBT/Cloud Based Telephony By Durations - December 2025/Cloud Based Telephony By Durations - December 2025_Y59.csv","See 07_SOURCE_MONTH_OWNERSHIP.csv","See 07_SOURCE_MONTH_OWNERSHIP.csv",selected,"Official selected evidence-series member; latest valid ownership rule applied.",358422,358422,raw_selected_cbt_duration
CBT,duration,"C:/Users/HP/Downloads/NHS Dataset/sql_join_experiment/extracted/selected_release/may_2026_evidence_series/CBT/Cloud Based Telephony By Durations - December 2025/Cloud Based Telephony By Durations - December 2025_Y60.csv","See 07_SOURCE_MONTH_OWNERSHIP.csv","See 07_SOURCE_MONTH_OWNERSHIP.csv",selected,"Official selected evidence-series member; latest valid ownership rule applied.",489908,489908,raw_selected_cbt_duration
CBT,duration,"C:/Users/HP/Downloads/NHS Dataset/sql_join_experiment/extracted/selected_release/may_2026_evidence_series/CBT/Cloud Based Telephony By Durations - December 2025/Cloud Based Telephony By Durations - December 2025_Y61.csv","See 07_SOURCE_MONTH_OWNERSHIP.csv","See 07_SOURCE_MONTH_OWNERSHIP.csv",selected,"Official selected evidence-series member; latest valid ownership rule applied.",278453,278453,raw_selected_cbt_duration
CBT,duration,"C:/Users/HP/Downloads/NHS Dataset/sql_join_experiment/extracted/selected_release/may_2026_evidence_series/CBT/Cloud Based Telephony By Durations - December 2025/Cloud Based Telephony By Durations - December 2025_Y62.csv","See 07_SOURCE_MONTH_OWNERSHIP.csv","See 07_SOURCE_MONTH_OWNERSHIP.csv",selected,"Official selected evidence-series member; latest valid ownership rule applied.",415218,415218,raw_selected_cbt_duration
CBT,duration,"C:/Users/HP/Downloads/NHS Dataset/sql_join_experiment/extracted/selected_release/may_2026_evidence_series/CBT/Cloud Based Telephony By Durations - December 2025/Cloud Based Telephony By Durations - December 2025_Y63.csv","See 07_SOURCE_MONTH_OWNERSHIP.csv","See 07_SOURCE_MONTH_OWNERSHIP.csv",selected,"Official selected evidence-series member; latest valid ownership rule applied.",365921,365921,raw_selected_cbt_duration
CBT,duration,"C:/Users/HP/Downloads/NHS Dataset/sql_join_experiment/extracted/selected_release/may_2026_evidence_series/CBT/Cloud Based Telephony By Durations - February 2026/Cloud Based Telephony By Durations - February 2026_Unmapped.csv","See 07_SOURCE_MONTH_OWNERSHIP.csv","See 07_SOURCE_MONTH_OWNERSHIP.csv",selected,"Official selected evidence-series member; latest valid ownership rule applied.",807,807,raw_selected_cbt_duration
CBT,duration,"C:/Users/HP/Downloads/NHS Dataset/sql_join_experiment/extracted/selected_release/may_2026_evidence_series/CBT/Cloud Based Telephony By Durations - February 2026/Cloud Based Telephony By Durations - February 2026_Y56.csv","See 07_SOURCE_MONTH_OWNERSHIP.csv","See 07_SOURCE_MONTH_OWNERSHIP.csv",selected,"Official selected evidence-series member; latest valid ownership rule applied.",515095,515095,raw_selected_cbt_duration
CBT,duration,"C:/Users/HP/Downloads/NHS Dataset/sql_join_experiment/extracted/selected_release/may_2026_evidence_series/CBT/Cloud Based Telephony By Durations - February 2026/Cloud Based Telephony By Durations - February 2026_Y58.csv","See 07_SOURCE_MONTH_OWNERSHIP.csv","See 07_SOURCE_MONTH_OWNERSHIP.csv",selected,"Official selected evidence-series member; latest valid ownership rule applied.",232785,232785,raw_selected_cbt_duration
CBT,duration,"C:/Users/HP/Downloads/NHS Dataset/sql_join_experiment/extracted/selected_release/may_2026_evidence_series/CBT/Cloud Based Telephony By Durations - February 2026/Cloud Based Telephony By Durations - February 2026_Y59.csv","See 07_SOURCE_MONTH_OWNERSHIP.csv","See 07_SOURCE_MONTH_OWNERSHIP.csv",selected,"Official selected evidence-series member; latest valid ownership rule applied.",348687,348687,raw_selected_cbt_duration
CBT,duration,"C:/Users/HP/Downloads/NHS Dataset/sql_join_experiment/extracted/selected_release/may_2026_evidence_series/CBT/Cloud Based Telephony By Durations - February 2026/Cloud Based Telephony By Durations - February 2026_Y60.csv","See 07_SOURCE_MONTH_OWNERSHIP.csv","See 07_SOURCE_MONTH_OWNERSHIP.csv",selected,"Official selected evidence-series member; latest valid ownership rule applied.",475540,475540,raw_selected_cbt_duration
CBT,duration,"C:/Users/HP/Downloads/NHS Dataset/sql_join_experiment/extracted/selected_release/may_2026_evidence_series/CBT/Cloud Based Telephony By Durations - February 2026/Cloud Based Telephony By Durations - February 2026_Y61.csv","See 07_SOURCE_MONTH_OWNERSHIP.csv","See 07_SOURCE_MONTH_OWNERSHIP.csv",selected,"Official selected evidence-series member; latest valid ownership rule applied.",265587,265587,raw_selected_cbt_duration
CBT,duration,"C:/Users/HP/Downloads/NHS Dataset/sql_join_experiment/extracted/selected_release/may_2026_evidence_series/CBT/Cloud Based Telephony By Durations - February 2026/Cloud Based Telephony By Durations - February 2026_Y62.csv","See 07_SOURCE_MONTH_OWNERSHIP.csv","See 07_SOURCE_MONTH_OWNERSHIP.csv",selected,"Official selected evidence-series member; latest valid ownership rule applied.",399132,399132,raw_selected_cbt_duration
CBT,duration,"C:/Users/HP/Downloads/NHS Dataset/sql_join_experiment/extracted/selected_release/may_2026_evidence_series/CBT/Cloud Based Telephony By Durations - February 2026/Cloud Based Telephony By Durations - February 2026_Y63.csv","See 07_SOURCE_MONTH_OWNERSHIP.csv","See 07_SOURCE_MONTH_OWNERSHIP.csv",selected,"Official selected evidence-series member; latest valid ownership rule applied.",350601,350601,raw_selected_cbt_duration
CBT,duration,"C:/Users/HP/Downloads/NHS Dataset/sql_join_experiment/extracted/selected_release/may_2026_evidence_series/CBT/Cloud Based Telephony By Durations - January 2026/Cloud Based Telephony By Durations - January 2026_Unmapped.csv","See 07_SOURCE_MONTH_OWNERSHIP.csv","See 07_SOURCE_MONTH_OWNERSHIP.csv",selected,"Official selected evidence-series member; latest valid ownership rule applied.",912,912,raw_selected_cbt_duration
CBT,duration,"C:/Users/HP/Downloads/NHS Dataset/sql_join_experiment/extracted/selected_release/may_2026_evidence_series/CBT/Cloud Based Telephony By Durations - January 2026/Cloud Based Telephony By Durations - January 2026_Y56.csv","See 07_SOURCE_MONTH_OWNERSHIP.csv","See 07_SOURCE_MONTH_OWNERSHIP.csv",selected,"Official selected evidence-series member; latest valid ownership rule applied.",546052,546052,raw_selected_cbt_duration
CBT,duration,"C:/Users/HP/Downloads/NHS Dataset/sql_join_experiment/extracted/selected_release/may_2026_evidence_series/CBT/Cloud Based Telephony By Durations - January 2026/Cloud Based Telephony By Durations - January 2026_Y58.csv","See 07_SOURCE_MONTH_OWNERSHIP.csv","See 07_SOURCE_MONTH_OWNERSHIP.csv",selected,"Official selected evidence-series member; latest valid ownership rule applied.",248885,248885,raw_selected_cbt_duration
CBT,duration,"C:/Users/HP/Downloads/NHS Dataset/sql_join_experiment/extracted/selected_release/may_2026_evidence_series/CBT/Cloud Based Telephony By Durations - January 2026/Cloud Based Telephony By Durations - January 2026_Y59.csv","See 07_SOURCE_MONTH_OWNERSHIP.csv","See 07_SOURCE_MONTH_OWNERSHIP.csv",selected,"Official selected evidence-series member; latest valid ownership rule applied.",368853,368853,raw_selected_cbt_duration
CBT,duration,"C:/Users/HP/Downloads/NHS Dataset/sql_join_experiment/extracted/selected_release/may_2026_evidence_series/CBT/Cloud Based Telephony By Durations - January 2026/Cloud Based Telephony By Durations - January 2026_Y60.csv","See 07_SOURCE_MONTH_OWNERSHIP.csv","See 07_SOURCE_MONTH_OWNERSHIP.csv",selected,"Official selected evidence-series member; latest valid ownership rule applied.",503500,503500,raw_selected_cbt_duration
CBT,duration,"C:/Users/HP/Downloads/NHS Dataset/sql_join_experiment/extracted/selected_release/may_2026_evidence_series/CBT/Cloud Based Telephony By Durations - January 2026/Cloud Based Telephony By Durations - January 2026_Y61.csv","See 07_SOURCE_MONTH_OWNERSHIP.csv","See 07_SOURCE_MONTH_OWNERSHIP.csv",selected,"Official selected evidence-series member; latest valid ownership rule applied.",282940,282940,raw_selected_cbt_duration
CBT,duration,"C:/Users/HP/Downloads/NHS Dataset/sql_join_experiment/extracted/selected_release/may_2026_evidence_series/CBT/Cloud Based Telephony By Durations - January 2026/Cloud Based Telephony By Durations - January 2026_Y62.csv","See 07_SOURCE_MONTH_OWNERSHIP.csv","See 07_SOURCE_MONTH_OWNERSHIP.csv",selected,"Official selected evidence-series member; latest valid ownership rule applied.",423397,423397,raw_selected_cbt_duration
CBT,duration,"C:/Users/HP/Downloads/NHS Dataset/sql_join_experiment/extracted/selected_release/may_2026_evidence_series/CBT/Cloud Based Telephony By Durations - January 2026/Cloud Based Telephony By Durations - January 2026_Y63.csv","See 07_SOURCE_MONTH_OWNERSHIP.csv","See 07_SOURCE_MONTH_OWNERSHIP.csv",selected,"Official selected evidence-series member; latest valid ownership rule applied.",370001,370001,raw_selected_cbt_duration
CBT,duration,"C:/Users/HP/Downloads/NHS Dataset/sql_join_experiment/extracted/selected_release/may_2026_evidence_series/CBT/Cloud Based Telephony By Durations - July 2025/Cloud Based Telephony By Durations - July 2025_Unmapped.csv","See 07_SOURCE_MONTH_OWNERSHIP.csv","See 07_SOURCE_MONTH_OWNERSHIP.csv",selected,"Official selected evidence-series member; latest valid ownership rule applied.",879,879,raw_selected_cbt_duration
CBT,duration,"C:/Users/HP/Downloads/NHS Dataset/sql_join_experiment/extracted/selected_release/may_2026_evidence_series/CBT/Cloud Based Telephony By Durations - July 2025/Cloud Based Telephony By Durations - July 2025_Y56.csv","See 07_SOURCE_MONTH_OWNERSHIP.csv","See 07_SOURCE_MONTH_OWNERSHIP.csv",selected,"Official selected evidence-series member; latest valid ownership rule applied.",533051,533051,raw_selected_cbt_duration
CBT,duration,"C:/Users/HP/Downloads/NHS Dataset/sql_join_experiment/extracted/selected_release/may_2026_evidence_series/CBT/Cloud Based Telephony By Durations - July 2025/Cloud Based Telephony By Durations - July 2025_Y58.csv","See 07_SOURCE_MONTH_OWNERSHIP.csv","See 07_SOURCE_MONTH_OWNERSHIP.csv",selected,"Official selected evidence-series member; latest valid ownership rule applied.",204644,204644,raw_selected_cbt_duration
CBT,duration,"C:/Users/HP/Downloads/NHS Dataset/sql_join_experiment/extracted/selected_release/may_2026_evidence_series/CBT/Cloud Based Telephony By Durations - July 2025/Cloud Based Telephony By Durations - July 2025_Y59.csv","See 07_SOURCE_MONTH_OWNERSHIP.csv","See 07_SOURCE_MONTH_OWNERSHIP.csv",selected,"Official selected evidence-series member; latest valid ownership rule applied.",316106,316106,raw_selected_cbt_duration
CBT,duration,"C:/Users/HP/Downloads/NHS Dataset/sql_join_experiment/extracted/selected_release/may_2026_evidence_series/CBT/Cloud Based Telephony By Durations - July 2025/Cloud Based Telephony By Durations - July 2025_Y60.csv","See 07_SOURCE_MONTH_OWNERSHIP.csv","See 07_SOURCE_MONTH_OWNERSHIP.csv",selected,"Official selected evidence-series member; latest valid ownership rule applied.",479766,479766,raw_selected_cbt_duration
CBT,duration,"C:/Users/HP/Downloads/NHS Dataset/sql_join_experiment/extracted/selected_release/may_2026_evidence_series/CBT/Cloud Based Telephony By Durations - July 2025/Cloud Based Telephony By Durations - July 2025_Y61.csv","See 07_SOURCE_MONTH_OWNERSHIP.csv","See 07_SOURCE_MONTH_OWNERSHIP.csv",selected,"Official selected evidence-series member; latest valid ownership rule applied.",277703,277703,raw_selected_cbt_duration
CBT,duration,"C:/Users/HP/Downloads/NHS Dataset/sql_join_experiment/extracted/selected_release/may_2026_evidence_series/CBT/Cloud Based Telephony By Durations - July 2025/Cloud Based Telephony By Durations - July 2025_Y62.csv","See 07_SOURCE_MONTH_OWNERSHIP.csv","See 07_SOURCE_MONTH_OWNERSHIP.csv",selected,"Official selected evidence-series member; latest valid ownership rule applied.",395227,395227,raw_selected_cbt_duration
CBT,duration,"C:/Users/HP/Downloads/NHS Dataset/sql_join_experiment/extracted/selected_release/may_2026_evidence_series/CBT/Cloud Based Telephony By Durations - July 2025/Cloud Based Telephony By Durations - July 2025_Y63.csv","See 07_SOURCE_MONTH_OWNERSHIP.csv","See 07_SOURCE_MONTH_OWNERSHIP.csv",selected,"Official selected evidence-series member; latest valid ownership rule applied.",332875,332875,raw_selected_cbt_duration
CBT,duration,"C:/Users/HP/Downloads/NHS Dataset/sql_join_experiment/extracted/selected_release/may_2026_evidence_series/CBT/Cloud Based Telephony By Durations - June 2025/Cloud Based Telephony By Durations - June 2025_Unmapped.csv","See 07_SOURCE_MONTH_OWNERSHIP.csv","See 07_SOURCE_MONTH_OWNERSHIP.csv",selected,"Official selected evidence-series member; latest valid ownership rule applied.",753,753,raw_selected_cbt_duration
CBT,duration,"C:/Users/HP/Downloads/NHS Dataset/sql_join_experiment/extracted/selected_release/may_2026_evidence_series/CBT/Cloud Based Telephony By Durations - June 2025/Cloud Based Telephony By Durations - June 2025_Y56.csv","See 07_SOURCE_MONTH_OWNERSHIP.csv","See 07_SOURCE_MONTH_OWNERSHIP.csv",selected,"Official selected evidence-series member; latest valid ownership rule applied.",453410,453410,raw_selected_cbt_duration
CBT,duration,"C:/Users/HP/Downloads/NHS Dataset/sql_join_experiment/extracted/selected_release/may_2026_evidence_series/CBT/Cloud Based Telephony By Durations - June 2025/Cloud Based Telephony By Durations - June 2025_Y58.csv","See 07_SOURCE_MONTH_OWNERSHIP.csv","See 07_SOURCE_MONTH_OWNERSHIP.csv",selected,"Official selected evidence-series member; latest valid ownership rule applied.",140176,140176,raw_selected_cbt_duration
CBT,duration,"C:/Users/HP/Downloads/NHS Dataset/sql_join_experiment/extracted/selected_release/may_2026_evidence_series/CBT/Cloud Based Telephony By Durations - June 2025/Cloud Based Telephony By Durations - June 2025_Y59.csv","See 07_SOURCE_MONTH_OWNERSHIP.csv","See 07_SOURCE_MONTH_OWNERSHIP.csv",selected,"Official selected evidence-series member; latest valid ownership rule applied.",247375,247375,raw_selected_cbt_duration
CBT,duration,"C:/Users/HP/Downloads/NHS Dataset/sql_join_experiment/extracted/selected_release/may_2026_evidence_series/CBT/Cloud Based Telephony By Durations - June 2025/Cloud Based Telephony By Durations - June 2025_Y60.csv","See 07_SOURCE_MONTH_OWNERSHIP.csv","See 07_SOURCE_MONTH_OWNERSHIP.csv",selected,"Official selected evidence-series member; latest valid ownership rule applied.",347975,347975,raw_selected_cbt_duration
CBT,duration,"C:/Users/HP/Downloads/NHS Dataset/sql_join_experiment/extracted/selected_release/may_2026_evidence_series/CBT/Cloud Based Telephony By Durations - June 2025/Cloud Based Telephony By Durations - June 2025_Y61.csv","See 07_SOURCE_MONTH_OWNERSHIP.csv","See 07_SOURCE_MONTH_OWNERSHIP.csv",selected,"Official selected evidence-series member; latest valid ownership rule applied.",173236,173236,raw_selected_cbt_duration
CBT,duration,"C:/Users/HP/Downloads/NHS Dataset/sql_join_experiment/extracted/selected_release/may_2026_evidence_series/CBT/Cloud Based Telephony By Durations - June 2025/Cloud Based Telephony By Durations - June 2025_Y62.csv","See 07_SOURCE_MONTH_OWNERSHIP.csv","See 07_SOURCE_MONTH_OWNERSHIP.csv","not selected","Official nested ZIP member fails decompression CRC/inflate validation; excluded rather than treated as valid data.",,,raw_selected_cbt_duration
CBT,duration,"C:/Users/HP/Downloads/NHS Dataset/sql_join_experiment/extracted/selected_release/may_2026_evidence_series/CBT/Cloud Based Telephony By Durations - June 2025/Cloud Based Telephony By Durations - June 2025_Y63.csv","See 07_SOURCE_MONTH_OWNERSHIP.csv","See 07_SOURCE_MONTH_OWNERSHIP.csv",selected,"Official selected evidence-series member; latest valid ownership rule applied.",179532,179532,raw_selected_cbt_duration
CBT,duration,"C:/Users/HP/Downloads/NHS Dataset/sql_join_experiment/extracted/selected_release/may_2026_evidence_series/CBT/Cloud Based Telephony By Durations - March 2026_14-05-26_0526/Cloud Based Telephony By Durations - March 2026_Unmapped.csv","See 07_SOURCE_MONTH_OWNERSHIP.csv","See 07_SOURCE_MONTH_OWNERSHIP.csv",selected,"Official selected evidence-series member; latest valid ownership rule applied.",914,914,raw_selected_cbt_duration
CBT,duration,"C:/Users/HP/Downloads/NHS Dataset/sql_join_experiment/extracted/selected_release/may_2026_evidence_series/CBT/Cloud Based Telephony By Durations - March 2026_14-05-26_0526/Cloud Based Telephony By Durations - March 2026_Y56.csv","See 07_SOURCE_MONTH_OWNERSHIP.csv","See 07_SOURCE_MONTH_OWNERSHIP.csv",selected,"Official selected evidence-series member; latest valid ownership rule applied.",563812,563812,raw_selected_cbt_duration
CBT,duration,"C:/Users/HP/Downloads/NHS Dataset/sql_join_experiment/extracted/selected_release/may_2026_evidence_series/CBT/Cloud Based Telephony By Durations - March 2026_14-05-26_0526/Cloud Based Telephony By Durations - March 2026_Y58.csv","See 07_SOURCE_MONTH_OWNERSHIP.csv","See 07_SOURCE_MONTH_OWNERSHIP.csv",selected,"Official selected evidence-series member; latest valid ownership rule applied.",257221,257221,raw_selected_cbt_duration
CBT,duration,"C:/Users/HP/Downloads/NHS Dataset/sql_join_experiment/extracted/selected_release/may_2026_evidence_series/CBT/Cloud Based Telephony By Durations - March 2026_14-05-26_0526/Cloud Based Telephony By Durations - March 2026_Y59.csv","See 07_SOURCE_MONTH_OWNERSHIP.csv","See 07_SOURCE_MONTH_OWNERSHIP.csv",selected,"Official selected evidence-series member; latest valid ownership rule applied.",384990,384990,raw_selected_cbt_duration
CBT,duration,"C:/Users/HP/Downloads/NHS Dataset/sql_join_experiment/extracted/selected_release/may_2026_evidence_series/CBT/Cloud Based Telephony By Durations - March 2026_14-05-26_0526/Cloud Based Telephony By Durations - March 2026_Y60.csv","See 07_SOURCE_MONTH_OWNERSHIP.csv","See 07_SOURCE_MONTH_OWNERSHIP.csv",selected,"Official selected evidence-series member; latest valid ownership rule applied.",575205,575205,raw_selected_cbt_duration
CBT,duration,"C:/Users/HP/Downloads/NHS Dataset/sql_join_experiment/extracted/selected_release/may_2026_evidence_series/CBT/Cloud Based Telephony By Durations - March 2026_14-05-26_0526/Cloud Based Telephony By Durations - March 2026_Y61.csv","See 07_SOURCE_MONTH_OWNERSHIP.csv","See 07_SOURCE_MONTH_OWNERSHIP.csv",selected,"Official selected evidence-series member; latest valid ownership rule applied.",293445,293445,raw_selected_cbt_duration
CBT,duration,"C:/Users/HP/Downloads/NHS Dataset/sql_join_experiment/extracted/selected_release/may_2026_evidence_series/CBT/Cloud Based Telephony By Durations - March 2026_14-05-26_0526/Cloud Based Telephony By Durations - March 2026_Y62.csv","See 07_SOURCE_MONTH_OWNERSHIP.csv","See 07_SOURCE_MONTH_OWNERSHIP.csv",selected,"Official selected evidence-series member; latest valid ownership rule applied.",436356,436356,raw_selected_cbt_duration
CBT,duration,"C:/Users/HP/Downloads/NHS Dataset/sql_join_experiment/extracted/selected_release/may_2026_evidence_series/CBT/Cloud Based Telephony By Durations - March 2026_14-05-26_0526/Cloud Based Telephony By Durations - March 2026_Y63.csv","See 07_SOURCE_MONTH_OWNERSHIP.csv","See 07_SOURCE_MONTH_OWNERSHIP.csv",selected,"Official selected evidence-series member; latest valid ownership rule applied.",411171,411171,raw_selected_cbt_duration
CBT,duration,"C:/Users/HP/Downloads/NHS Dataset/sql_join_experiment/extracted/selected_release/may_2026_evidence_series/CBT/Cloud Based Telephony By Durations - May 2025/Cloud Based Telephony By Durations - May 2025_Unmapped.csv","See 07_SOURCE_MONTH_OWNERSHIP.csv","See 07_SOURCE_MONTH_OWNERSHIP.csv",selected,"Official selected evidence-series member; latest valid ownership rule applied.",732,732,raw_selected_cbt_duration
CBT,duration,"C:/Users/HP/Downloads/NHS Dataset/sql_join_experiment/extracted/selected_release/may_2026_evidence_series/CBT/Cloud Based Telephony By Durations - May 2025/Cloud Based Telephony By Durations - May 2025_Y56.csv","See 07_SOURCE_MONTH_OWNERSHIP.csv","See 07_SOURCE_MONTH_OWNERSHIP.csv",selected,"Official selected evidence-series member; latest valid ownership rule applied.",435125,435125,raw_selected_cbt_duration
CBT,duration,"C:/Users/HP/Downloads/NHS Dataset/sql_join_experiment/extracted/selected_release/may_2026_evidence_series/CBT/Cloud Based Telephony By Durations - May 2025/Cloud Based Telephony By Durations - May 2025_Y58.csv","See 07_SOURCE_MONTH_OWNERSHIP.csv","See 07_SOURCE_MONTH_OWNERSHIP.csv",selected,"Official selected evidence-series member; latest valid ownership rule applied.",126480,126480,raw_selected_cbt_duration
CBT,duration,"C:/Users/HP/Downloads/NHS Dataset/sql_join_experiment/extracted/selected_release/may_2026_evidence_series/CBT/Cloud Based Telephony By Durations - May 2025/Cloud Based Telephony By Durations - May 2025_Y59.csv","See 07_SOURCE_MONTH_OWNERSHIP.csv","See 07_SOURCE_MONTH_OWNERSHIP.csv",selected,"Official selected evidence-series member; latest valid ownership rule applied.",233169,233169,raw_selected_cbt_duration
CBT,duration,"C:/Users/HP/Downloads/NHS Dataset/sql_join_experiment/extracted/selected_release/may_2026_evidence_series/CBT/Cloud Based Telephony By Durations - May 2025/Cloud Based Telephony By Durations - May 2025_Y60.csv","See 07_SOURCE_MONTH_OWNERSHIP.csv","See 07_SOURCE_MONTH_OWNERSHIP.csv",selected,"Official selected evidence-series member; latest valid ownership rule applied.",320848,320848,raw_selected_cbt_duration
CBT,duration,"C:/Users/HP/Downloads/NHS Dataset/sql_join_experiment/extracted/selected_release/may_2026_evidence_series/CBT/Cloud Based Telephony By Durations - May 2025/Cloud Based Telephony By Durations - May 2025_Y61.csv","See 07_SOURCE_MONTH_OWNERSHIP.csv","See 07_SOURCE_MONTH_OWNERSHIP.csv",selected,"Official selected evidence-series member; latest valid ownership rule applied.",157887,157887,raw_selected_cbt_duration
CBT,duration,"C:/Users/HP/Downloads/NHS Dataset/sql_join_experiment/extracted/selected_release/may_2026_evidence_series/CBT/Cloud Based Telephony By Durations - May 2025/Cloud Based Telephony By Durations - May 2025_Y62.csv","See 07_SOURCE_MONTH_OWNERSHIP.csv","See 07_SOURCE_MONTH_OWNERSHIP.csv",selected,"Official selected evidence-series member; latest valid ownership rule applied.",268137,268137,raw_selected_cbt_duration
CBT,duration,"C:/Users/HP/Downloads/NHS Dataset/sql_join_experiment/extracted/selected_release/may_2026_evidence_series/CBT/Cloud Based Telephony By Durations - May 2025/Cloud Based Telephony By Durations - May 2025_Y63.csv","See 07_SOURCE_MONTH_OWNERSHIP.csv","See 07_SOURCE_MONTH_OWNERSHIP.csv",selected,"Official selected evidence-series member; latest valid ownership rule applied.",162973,162973,raw_selected_cbt_duration
CBT,duration,"C:/Users/HP/Downloads/NHS Dataset/sql_join_experiment/extracted/selected_release/may_2026_evidence_series/CBT/Cloud Based Telephony By Durations - November 2025/Cloud Based Telephony By Durations - November 2025_Unmapped.csv","See 07_SOURCE_MONTH_OWNERSHIP.csv","See 07_SOURCE_MONTH_OWNERSHIP.csv",selected,"Official selected evidence-series member; latest valid ownership rule applied.",836,836,raw_selected_cbt_duration
CBT,duration,"C:/Users/HP/Downloads/NHS Dataset/sql_join_experiment/extracted/selected_release/may_2026_evidence_series/CBT/Cloud Based Telephony By Durations - November 2025/Cloud Based Telephony By Durations - November 2025_Y56.csv","See 07_SOURCE_MONTH_OWNERSHIP.csv","See 07_SOURCE_MONTH_OWNERSHIP.csv",selected,"Official selected evidence-series member; latest valid ownership rule applied.",521592,521592,raw_selected_cbt_duration
CBT,duration,"C:/Users/HP/Downloads/NHS Dataset/sql_join_experiment/extracted/selected_release/may_2026_evidence_series/CBT/Cloud Based Telephony By Durations - November 2025/Cloud Based Telephony By Durations - November 2025_Y58.csv","See 07_SOURCE_MONTH_OWNERSHIP.csv","See 07_SOURCE_MONTH_OWNERSHIP.csv",selected,"Official selected evidence-series member; latest valid ownership rule applied.",231993,231993,raw_selected_cbt_duration
CBT,duration,"C:/Users/HP/Downloads/NHS Dataset/sql_join_experiment/extracted/selected_release/may_2026_evidence_series/CBT/Cloud Based Telephony By Durations - November 2025/Cloud Based Telephony By Durations - November 2025_Y59.csv","See 07_SOURCE_MONTH_OWNERSHIP.csv","See 07_SOURCE_MONTH_OWNERSHIP.csv",selected,"Official selected evidence-series member; latest valid ownership rule applied.",341217,341217,raw_selected_cbt_duration
CBT,duration,"C:/Users/HP/Downloads/NHS Dataset/sql_join_experiment/extracted/selected_release/may_2026_evidence_series/CBT/Cloud Based Telephony By Durations - November 2025/Cloud Based Telephony By Durations - November 2025_Y60.csv","See 07_SOURCE_MONTH_OWNERSHIP.csv","See 07_SOURCE_MONTH_OWNERSHIP.csv",selected,"Official selected evidence-series member; latest valid ownership rule applied.",469301,469301,raw_selected_cbt_duration
CBT,duration,"C:/Users/HP/Downloads/NHS Dataset/sql_join_experiment/extracted/selected_release/may_2026_evidence_series/CBT/Cloud Based Telephony By Durations - November 2025/Cloud Based Telephony By Durations - November 2025_Y61.csv","See 07_SOURCE_MONTH_OWNERSHIP.csv","See 07_SOURCE_MONTH_OWNERSHIP.csv",selected,"Official selected evidence-series member; latest valid ownership rule applied.",268588,268588,raw_selected_cbt_duration
CBT,duration,"C:/Users/HP/Downloads/NHS Dataset/sql_join_experiment/extracted/selected_release/may_2026_evidence_series/CBT/Cloud Based Telephony By Durations - November 2025/Cloud Based Telephony By Durations - November 2025_Y62.csv","See 07_SOURCE_MONTH_OWNERSHIP.csv","See 07_SOURCE_MONTH_OWNERSHIP.csv",selected,"Official selected evidence-series member; latest valid ownership rule applied.",402483,402483,raw_selected_cbt_duration
CBT,duration,"C:/Users/HP/Downloads/NHS Dataset/sql_join_experiment/extracted/selected_release/may_2026_evidence_series/CBT/Cloud Based Telephony By Durations - November 2025/Cloud Based Telephony By Durations - November 2025_Y63.csv","See 07_SOURCE_MONTH_OWNERSHIP.csv","See 07_SOURCE_MONTH_OWNERSHIP.csv",selected,"Official selected evidence-series member; latest valid ownership rule applied.",347796,347796,raw_selected_cbt_duration
CBT,duration,"C:/Users/HP/Downloads/NHS Dataset/sql_join_experiment/extracted/selected_release/may_2026_evidence_series/CBT/Cloud Based Telephony By Durations - October 2025/Cloud Based Telephony By Durations - October 2025_Unmapped.csv","See 07_SOURCE_MONTH_OWNERSHIP.csv","See 07_SOURCE_MONTH_OWNERSHIP.csv",selected,"Official selected evidence-series member; latest valid ownership rule applied.",873,873,raw_selected_cbt_duration
CBT,duration,"C:/Users/HP/Downloads/NHS Dataset/sql_join_experiment/extracted/selected_release/may_2026_evidence_series/CBT/Cloud Based Telephony By Durations - October 2025/Cloud Based Telephony By Durations - October 2025_Y56.csv","See 07_SOURCE_MONTH_OWNERSHIP.csv","See 07_SOURCE_MONTH_OWNERSHIP.csv",selected,"Official selected evidence-series member; latest valid ownership rule applied.",561698,561698,raw_selected_cbt_duration
CBT,duration,"C:/Users/HP/Downloads/NHS Dataset/sql_join_experiment/extracted/selected_release/may_2026_evidence_series/CBT/Cloud Based Telephony By Durations - October 2025/Cloud Based Telephony By Durations - October 2025_Y58.csv","See 07_SOURCE_MONTH_OWNERSHIP.csv","See 07_SOURCE_MONTH_OWNERSHIP.csv",selected,"Official selected evidence-series member; latest valid ownership rule applied.",233552,233552,raw_selected_cbt_duration
CBT,duration,"C:/Users/HP/Downloads/NHS Dataset/sql_join_experiment/extracted/selected_release/may_2026_evidence_series/CBT/Cloud Based Telephony By Durations - October 2025/Cloud Based Telephony By Durations - October 2025_Y59.csv","See 07_SOURCE_MONTH_OWNERSHIP.csv","See 07_SOURCE_MONTH_OWNERSHIP.csv",selected,"Official selected evidence-series member; latest valid ownership rule applied.",330436,330436,raw_selected_cbt_duration
CBT,duration,"C:/Users/HP/Downloads/NHS Dataset/sql_join_experiment/extracted/selected_release/may_2026_evidence_series/CBT/Cloud Based Telephony By Durations - October 2025/Cloud Based Telephony By Durations - October 2025_Y60.csv","See 07_SOURCE_MONTH_OWNERSHIP.csv","See 07_SOURCE_MONTH_OWNERSHIP.csv",selected,"Official selected evidence-series member; latest valid ownership rule applied.",500488,500488,raw_selected_cbt_duration
CBT,duration,"C:/Users/HP/Downloads/NHS Dataset/sql_join_experiment/extracted/selected_release/may_2026_evidence_series/CBT/Cloud Based Telephony By Durations - October 2025/Cloud Based Telephony By Durations - October 2025_Y61.csv","See 07_SOURCE_MONTH_OWNERSHIP.csv","See 07_SOURCE_MONTH_OWNERSHIP.csv",selected,"Official selected evidence-series member; latest valid ownership rule applied.",288835,288835,raw_selected_cbt_duration
CBT,duration,"C:/Users/HP/Downloads/NHS Dataset/sql_join_experiment/extracted/selected_release/may_2026_evidence_series/CBT/Cloud Based Telephony By Durations - October 2025/Cloud Based Telephony By Durations - October 2025_Y62.csv","See 07_SOURCE_MONTH_OWNERSHIP.csv","See 07_SOURCE_MONTH_OWNERSHIP.csv",selected,"Official selected evidence-series member; latest valid ownership rule applied.",445123,445123,raw_selected_cbt_duration
CBT,duration,"C:/Users/HP/Downloads/NHS Dataset/sql_join_experiment/extracted/selected_release/may_2026_evidence_series/CBT/Cloud Based Telephony By Durations - October 2025/Cloud Based Telephony By Durations - October 2025_Y63.csv","See 07_SOURCE_MONTH_OWNERSHIP.csv","See 07_SOURCE_MONTH_OWNERSHIP.csv",selected,"Official selected evidence-series member; latest valid ownership rule applied.",372618,372618,raw_selected_cbt_duration
CBT,duration,"C:/Users/HP/Downloads/NHS Dataset/sql_join_experiment/extracted/selected_release/may_2026_evidence_series/CBT/Cloud Based Telephony By Durations - September 2025/Cloud Based Telephony By Durations - September 2025_Unmapped.csv","See 07_SOURCE_MONTH_OWNERSHIP.csv","See 07_SOURCE_MONTH_OWNERSHIP.csv",selected,"Official selected evidence-series member; latest valid ownership rule applied.",842,842,raw_selected_cbt_duration
CBT,duration,"C:/Users/HP/Downloads/NHS Dataset/sql_join_experiment/extracted/selected_release/may_2026_evidence_series/CBT/Cloud Based Telephony By Durations - September 2025/Cloud Based Telephony By Durations - September 2025_Y56.csv","See 07_SOURCE_MONTH_OWNERSHIP.csv","See 07_SOURCE_MONTH_OWNERSHIP.csv",selected,"Official selected evidence-series member; latest valid ownership rule applied.",518158,518158,raw_selected_cbt_duration
CBT,duration,"C:/Users/HP/Downloads/NHS Dataset/sql_join_experiment/extracted/selected_release/may_2026_evidence_series/CBT/Cloud Based Telephony By Durations - September 2025/Cloud Based Telephony By Durations - September 2025_Y58.csv","See 07_SOURCE_MONTH_OWNERSHIP.csv","See 07_SOURCE_MONTH_OWNERSHIP.csv",selected,"Official selected evidence-series member; latest valid ownership rule applied.",209424,209424,raw_selected_cbt_duration
CBT,duration,"C:/Users/HP/Downloads/NHS Dataset/sql_join_experiment/extracted/selected_release/may_2026_evidence_series/CBT/Cloud Based Telephony By Durations - September 2025/Cloud Based Telephony By Durations - September 2025_Y59.csv","See 07_SOURCE_MONTH_OWNERSHIP.csv","See 07_SOURCE_MONTH_OWNERSHIP.csv",selected,"Official selected evidence-series member; latest valid ownership rule applied.",310285,310285,raw_selected_cbt_duration
CBT,duration,"C:/Users/HP/Downloads/NHS Dataset/sql_join_experiment/extracted/selected_release/may_2026_evidence_series/CBT/Cloud Based Telephony By Durations - September 2025/Cloud Based Telephony By Durations - September 2025_Y60.csv","See 07_SOURCE_MONTH_OWNERSHIP.csv","See 07_SOURCE_MONTH_OWNERSHIP.csv",selected,"Official selected evidence-series member; latest valid ownership rule applied.",473893,473893,raw_selected_cbt_duration
CBT,duration,"C:/Users/HP/Downloads/NHS Dataset/sql_join_experiment/extracted/selected_release/may_2026_evidence_series/CBT/Cloud Based Telephony By Durations - September 2025/Cloud Based Telephony By Durations - September 2025_Y61.csv","See 07_SOURCE_MONTH_OWNERSHIP.csv","See 07_SOURCE_MONTH_OWNERSHIP.csv",selected,"Official selected evidence-series member; latest valid ownership rule applied.",266391,266391,raw_selected_cbt_duration
CBT,duration,"C:/Users/HP/Downloads/NHS Dataset/sql_join_experiment/extracted/selected_release/may_2026_evidence_series/CBT/Cloud Based Telephony By Durations - September 2025/Cloud Based Telephony By Durations - September 2025_Y62.csv","See 07_SOURCE_MONTH_OWNERSHIP.csv","See 07_SOURCE_MONTH_OWNERSHIP.csv",selected,"Official selected evidence-series member; latest valid ownership rule applied.",388552,388552,raw_selected_cbt_duration
CBT,duration,"C:/Users/HP/Downloads/NHS Dataset/sql_join_experiment/extracted/selected_release/may_2026_evidence_series/CBT/Cloud Based Telephony By Durations - September 2025/Cloud Based Telephony By Durations - September 2025_Y63.csv","See 07_SOURCE_MONTH_OWNERSHIP.csv","See 07_SOURCE_MONTH_OWNERSHIP.csv",selected,"Official selected evidence-series member; latest valid ownership rule applied.",326654,326654,raw_selected_cbt_duration
GPAD,practice_level_crosstab,"C:/Users/HP/Downloads/NHS Dataset/sql_join_experiment/extracted/selected_release/may_2026_evidence_series/GPAD/Practice_Level_Crosstab_Apr_26/Practice_Level_Crosstab_Feb_26.csv","See 07_SOURCE_MONTH_OWNERSHIP.csv","See 07_SOURCE_MONTH_OWNERSHIP.csv",selected,"Official selected evidence-series member; latest valid ownership rule applied.",1015913,1015913,raw_selected_gpad_crosstab
GPAD,practice_level_crosstab,"C:/Users/HP/Downloads/NHS Dataset/sql_join_experiment/extracted/selected_release/may_2026_evidence_series/GPAD/Practice_Level_Crosstab_Apr_26/Practice_Level_Crosstab_London_East_South_Mar_26.csv","See 07_SOURCE_MONTH_OWNERSHIP.csv","See 07_SOURCE_MONTH_OWNERSHIP.csv",selected,"Official selected evidence-series member; latest valid ownership rule applied.",384919,384919,raw_selected_gpad_crosstab
GPAD,practice_level_crosstab,"C:/Users/HP/Downloads/NHS Dataset/sql_join_experiment/extracted/selected_release/may_2026_evidence_series/GPAD/Practice_Level_Crosstab_Apr_26/Practice_Level_Crosstab_Midlands_North_Mar_26.csv","See 07_SOURCE_MONTH_OWNERSHIP.csv","See 07_SOURCE_MONTH_OWNERSHIP.csv",selected,"Official selected evidence-series member; latest valid ownership rule applied.",671155,671155,raw_selected_gpad_crosstab
GPAD,practice_level_crosstab,"C:/Users/HP/Downloads/NHS Dataset/sql_join_experiment/extracted/selected_release/may_2026_evidence_series/GPAD/Practice_Level_Crosstab_Dec_25/Practice_Level_Crosstab_London_East_South_Oct_25.csv","See 07_SOURCE_MONTH_OWNERSHIP.csv","See 07_SOURCE_MONTH_OWNERSHIP.csv",selected,"Official selected evidence-series member; latest valid ownership rule applied.",393770,393770,raw_selected_gpad_crosstab
GPAD,practice_level_crosstab,"C:/Users/HP/Downloads/NHS Dataset/sql_join_experiment/extracted/selected_release/may_2026_evidence_series/GPAD/Practice_Level_Crosstab_Dec_25/Practice_Level_Crosstab_Midlands_North_Oct_25.csv","See 07_SOURCE_MONTH_OWNERSHIP.csv","See 07_SOURCE_MONTH_OWNERSHIP.csv",selected,"Official selected evidence-series member; latest valid ownership rule applied.",696049,696049,raw_selected_gpad_crosstab
GPAD,practice_level_crosstab,"C:/Users/HP/Downloads/NHS Dataset/sql_join_experiment/extracted/selected_release/may_2026_evidence_series/GPAD/Practice_Level_Crosstab_Dec_25/Practice_Level_Crosstab_Nov_25.csv","See 07_SOURCE_MONTH_OWNERSHIP.csv","See 07_SOURCE_MONTH_OWNERSHIP.csv",selected,"Official selected evidence-series member; latest valid ownership rule applied.",1038177,1038177,raw_selected_gpad_crosstab
GPAD,practice_level_crosstab,"C:/Users/HP/Downloads/NHS Dataset/sql_join_experiment/extracted/selected_release/may_2026_evidence_series/GPAD/Practice_Level_Crosstab_Feb_26/Practice_Level_Crosstab_Dec_25.csv","See 07_SOURCE_MONTH_OWNERSHIP.csv","See 07_SOURCE_MONTH_OWNERSHIP.csv",selected,"Official selected evidence-series member; latest valid ownership rule applied.",1027245,1027245,raw_selected_gpad_crosstab
GPAD,practice_level_crosstab,"C:/Users/HP/Downloads/NHS Dataset/sql_join_experiment/extracted/selected_release/may_2026_evidence_series/GPAD/Practice_Level_Crosstab_Feb_26/Practice_Level_Crosstab_Jan_26.csv","See 07_SOURCE_MONTH_OWNERSHIP.csv","See 07_SOURCE_MONTH_OWNERSHIP.csv",selected,"Official selected evidence-series member; latest valid ownership rule applied.",1047297,1047297,raw_selected_gpad_crosstab
GPAD,practice_level_crosstab,"C:/Users/HP/Downloads/NHS Dataset/sql_join_experiment/extracted/selected_release/may_2026_evidence_series/GPAD/Practice_Level_Crosstab_Jun_25/Practice_Level_Crosstab_Apr_25.csv","See 07_SOURCE_MONTH_OWNERSHIP.csv","See 07_SOURCE_MONTH_OWNERSHIP.csv",selected,"Official selected evidence-series member; latest valid ownership rule applied.",999442,999442,raw_selected_gpad_crosstab
GPAD,practice_level_crosstab,"C:/Users/HP/Downloads/NHS Dataset/sql_join_experiment/extracted/selected_release/may_2026_evidence_series/GPAD/Practice_Level_Crosstab_Jun_25/Practice_Level_Crosstab_Jun_25.csv","See 07_SOURCE_MONTH_OWNERSHIP.csv","See 07_SOURCE_MONTH_OWNERSHIP.csv",selected,"Official selected evidence-series member; latest valid ownership rule applied.",1003669,1003669,raw_selected_gpad_crosstab
GPAD,practice_level_crosstab,"C:/Users/HP/Downloads/NHS Dataset/sql_join_experiment/extracted/selected_release/may_2026_evidence_series/GPAD/Practice_Level_Crosstab_Jun_25/Practice_Level_Crosstab_May_25.csv","See 07_SOURCE_MONTH_OWNERSHIP.csv","See 07_SOURCE_MONTH_OWNERSHIP.csv",selected,"Official selected evidence-series member; latest valid ownership rule applied.",991897,991897,raw_selected_gpad_crosstab
GPAD,practice_level_crosstab,"C:/Users/HP/Downloads/NHS Dataset/sql_join_experiment/extracted/selected_release/may_2026_evidence_series/GPAD/Practice_Level_Crosstab_Sep_25/Practice_Level_Crosstab_Aug_25.csv","See 07_SOURCE_MONTH_OWNERSHIP.csv","See 07_SOURCE_MONTH_OWNERSHIP.csv",selected,"Official selected evidence-series member; latest valid ownership rule applied.",974975,974975,raw_selected_gpad_crosstab
GPAD,practice_level_crosstab,"C:/Users/HP/Downloads/NHS Dataset/sql_join_experiment/extracted/selected_release/may_2026_evidence_series/GPAD/Practice_Level_Crosstab_Sep_25/Practice_Level_Crosstab_Jul_25.csv","See 07_SOURCE_MONTH_OWNERSHIP.csv","See 07_SOURCE_MONTH_OWNERSHIP.csv",selected,"Official selected evidence-series member; latest valid ownership rule applied.",1028563,1028563,raw_selected_gpad_crosstab
GPAD,practice_level_crosstab,"C:/Users/HP/Downloads/NHS Dataset/sql_join_experiment/extracted/selected_release/may_2026_evidence_series/GPAD/Practice_Level_Crosstab_Sep_25/Practice_Level_Crosstab_Sep_25.csv","See 07_SOURCE_MONTH_OWNERSHIP.csv","See 07_SOURCE_MONTH_OWNERSHIP.csv",selected,"Official selected evidence-series member; latest valid ownership rule applied.",1032465,1032465,raw_selected_gpad_crosstab
OCS,main,"C:/Users/HP/Downloads/NHS Dataset/sql_join_experiment/extracted/selected_release/may_2026_evidence_series/OCS/Submissions via OC Systems in General Practice - May 2026_north_regions.csv","See 07_SOURCE_MONTH_OWNERSHIP.csv","See 07_SOURCE_MONTH_OWNERSHIP.csv",selected,"Official selected evidence-series member; latest valid ownership rule applied.",532746,532746,raw_selected_ocs_main
OCS,main,"C:/Users/HP/Downloads/NHS Dataset/sql_join_experiment/extracted/selected_release/may_2026_evidence_series/OCS/Submissions via OC Systems in General Practice - May 2026_south_regions.csv","See 07_SOURCE_MONTH_OWNERSHIP.csv","See 07_SOURCE_MONTH_OWNERSHIP.csv",selected,"Official selected evidence-series member; latest valid ownership rule applied.",525699,525699,raw_selected_ocs_main
